customer_id,name,email,phone,city
1,Thabo Mokoena,thabo@example.com,0712345678,Johannesburg
2,Lerato Dlamini,lerato@example.com,0723456789,Pretoria
3,Sipho Nkosi,sipho@example.com,0734567890,Soweto
4,Naledi Molefe,naledi@example.com,0745678901,Sandton
5,Kabelo Maseko,kabelo@example.com,0756789012,Midrand
6,Aisha Khan,aisha@example.com,0767890123,Randburg
7,David Williams,david@example.com,0778901234,Roodepoort
8,Mpho Radebe,mpho@example.com,0789012345,Centurion
9,Zanele Khumalo,zanele@example.com,0790123456,Benoni
10,Brian Smith,brian@example.com,0801234567,Germiston
11,Aisha Mokoena,aisha.mokoena.11@example.com,0710087109,Kempton Park
12,Aisha Molefe,aisha.molefe.12@example.com,0760095028,Bloemfontein
13,Aisha Mthembu,aisha.mthembu.13@example.com,0780102947,Sandton
14,Aisha Naidoo,aisha.naidoo.14@example.com,0650110866,Roodepoort
15,Aisha Ndlovu,aisha.ndlovu.15@example.com,0630118785,Midrand
16,Aisha Nkosi,aisha.nkosi.16@example.com,0610126704,Randburg
17,Aisha Pillay,aisha.pillay.17@example.com,0820134623,Alberton
18,Aisha Radebe,aisha.radebe.18@example.com,0670142542,Kempton Park
19,Aisha Sithole,aisha.sithole.19@example.com,0670150461,Nelspruit
20,Aisha Smith,aisha.smith.20@example.com,0720158380,Benoni
21,Aisha Van Der Merwe,aisha.van.der.merwe.21@example.com,0780166299,Roodepoort
22,Aisha Williams,aisha.williams.22@example.com,0740174218,Johannesburg
23,Aisha Zungu,aisha.zungu.23@example.com,0710182137,Polokwane
24,Aisha Zulu,aisha.zulu.24@example.com,0710190056,Benoni
25,Aisha Abrahams,aisha.abrahams.25@example.com,0830197975,Durban
26,Aisha Benjamin,aisha.benjamin.26@example.com,0660205894,Boksburg
27,Aisha Coetzee,aisha.coetzee.27@example.com,0780213813,Bloemfontein
28,Aisha Davids,aisha.davids.28@example.com,0610221732,Durban
29,Aisha Gumede,aisha.gumede.29@example.com,0780229651,Nelspruit
30,Aisha Hlongwane,aisha.hlongwane.30@example.com,0830237570,Sandton
31,Aisha Mahlangu,aisha.mahlangu.31@example.com,0640245489,Cape Town
32,Aisha Mahlase,aisha.mahlase.32@example.com,0780253408,Randburg
33,Aisha Mkhize,aisha.mkhize.33@example.com,0790261327,Randburg
34,Aisha Modise,aisha.modise.34@example.com,0730269246,Pretoria
35,Aisha Msimang,aisha.msimang.35@example.com,0830277165,Durban
36,Aisha Ntuli,aisha.ntuli.36@example.com,0600285084,Nelspruit
37,Aisha Petersen,aisha.petersen.37@example.com,0710293003,Durban
38,Aisha Phiri,aisha.phiri.38@example.com,0820300922,Midrand
39,Aisha Ramaphosa,aisha.ramaphosa.39@example.com,0830308841,Benoni
40,Aisha Swanepoel,aisha.swanepoel.40@example.com,0710316760,Centurion
41,Ayanda Adams,ayanda.adams.41@example.com,0630324679,Roodepoort
42,Ayanda Baloyi,ayanda.baloyi.42@example.com,0670332598,Roodepoort
43,Ayanda Botha,ayanda.botha.43@example.com,0610340517,Nelspruit
44,Ayanda Cele,ayanda.cele.44@example.com,0740348436,Roodepoort
45,Ayanda Dlamini,ayanda.dlamini.45@example.com,0820356355,Sandton
46,Ayanda Du Preez,ayanda.du.preez.46@example.com,0760364274,Kempton Park
47,Ayanda Jacobs,ayanda.jacobs.47@example.com,0630372193,Midrand
48,Ayanda Khan,ayanda.khan.48@example.com,0820380112,Durban
49,Ayanda Khumalo,ayanda.khumalo.49@example.com,0830388031,Bloemfontein
50,Ayanda Maseko,ayanda.maseko.50@example.com,0760395950,Cape Town
51,Ayanda Mokoena,ayanda.mokoena.51@example.com,0720403869,Polokwane
52,Ayanda Molefe,ayanda.molefe.52@example.com,0650411788,Roodepoort
53,Ayanda Mthembu,ayanda.mthembu.53@example.com,0760419707,Durban
54,Ayanda Naidoo,ayanda.naidoo.54@example.com,0610427626,Durban
55,Ayanda Ndlovu,ayanda.ndlovu.55@example.com,0710435545,Centurion
56,Ayanda Nkosi,ayanda.nkosi.56@example.com,0610443464,Bloemfontein
57,Ayanda Pillay,ayanda.pillay.57@example.com,0780451383,Durban
58,Ayanda Radebe,ayanda.radebe.58@example.com,0650459302,Soweto
59,Ayanda Sithole,ayanda.sithole.59@example.com,0710467221,Randburg
60,Ayanda Smith,ayanda.smith.60@example.com,0830475140,Polokwane
61,Ayanda Van Der Merwe,ayanda.van.der.merwe.61@example.com,0730483059,Centurion
62,Ayanda Williams,ayanda.williams.62@example.com,0660490978,Roodepoort
63,Ayanda Zungu,ayanda.zungu.63@example.com,0760498897,Boksburg
64,Ayanda Zulu,ayanda.zulu.64@example.com,0670506816,Polokwane
65,Ayanda Abrahams,ayanda.abrahams.65@example.com,0650514735,Benoni
66,Ayanda Benjamin,ayanda.benjamin.66@example.com,0660522654,Sandton
67,Ayanda Coetzee,ayanda.coetzee.67@example.com,0820530573,Cape Town
68,Ayanda Davids,ayanda.davids.68@example.com,0660538492,Randburg
69,Ayanda Gumede,ayanda.gumede.69@example.com,0660546411,Vereeniging
70,Ayanda Hlongwane,ayanda.hlongwane.70@example.com,0650554330,Polokwane
71,Ayanda Mahlangu,ayanda.mahlangu.71@example.com,0740562249,Alberton
72,Ayanda Mahlase,ayanda.mahlase.72@example.com,0720570168,Pretoria
73,Ayanda Mkhize,ayanda.mkhize.73@example.com,0710578087,Centurion
74,Ayanda Modise,ayanda.modise.74@example.com,0600586006,Vereeniging
75,Ayanda Msimang,ayanda.msimang.75@example.com,0780593925,Pretoria
76,Ayanda Ntuli,ayanda.ntuli.76@example.com,0670601844,Nelspruit
77,Ayanda Petersen,ayanda.petersen.77@example.com,0650609763,Cape Town
78,Ayanda Phiri,ayanda.phiri.78@example.com,0650617682,Polokwane
79,Ayanda Ramaphosa,ayanda.ramaphosa.79@example.com,0820625601,Sandton
80,Ayanda Swanepoel,ayanda.swanepoel.80@example.com,0740633520,Kempton Park
81,Bongani Adams,bongani.adams.81@example.com,0820641439,Germiston
82,Bongani Baloyi,bongani.baloyi.82@example.com,0730649358,Polokwane
83,Bongani Botha,bongani.botha.83@example.com,0780657277,Roodepoort
84,Bongani Cele,bongani.cele.84@example.com,0760665196,Centurion
85,Bongani Dlamini,bongani.dlamini.85@example.com,0740673115,Johannesburg
86,Bongani Du Preez,bongani.du.preez.86@example.com,0740681034,Roodepoort
87,Bongani Jacobs,bongani.jacobs.87@example.com,0820688953,Sandton
88,Bongani Khan,bongani.khan.88@example.com,0790696872,Nelspruit
89,Bongani Khumalo,bongani.khumalo.89@example.com,0830704791,Midrand
90,Bongani Maseko,bongani.maseko.90@example.com,0740712710,Boksburg
91,Bongani Mokoena,bongani.mokoena.91@example.com,0650720629,Midrand
92,Bongani Molefe,bongani.molefe.92@example.com,0760728548,Benoni
93,Bongani Mthembu,bongani.mthembu.93@example.com,0660736467,Johannesburg
94,Bongani Naidoo,bongani.naidoo.94@example.com,0780744386,Vereeniging
95,Bongani Ndlovu,bongani.ndlovu.95@example.com,0650752305,Sandton
96,Bongani Nkosi,bongani.nkosi.96@example.com,0660760224,Boksburg
97,Bongani Pillay,bongani.pillay.97@example.com,0720768143,Durban
98,Bongani Radebe,bongani.radebe.98@example.com,0670776062,Randburg
99,Bongani Sithole,bongani.sithole.99@example.com,0630783981,Vereeniging
100,Bongani Smith,bongani.smith.100@example.com,0830791900,Sandton
101,Bongani Van Der Merwe,bongani.van.der.merwe.101@example.com,0650799819,Randburg
102,Bongani Williams,bongani.williams.102@example.com,0740807738,Benoni
103,Bongani Zungu,bongani.zungu.103@example.com,0790815657,Johannesburg
104,Bongani Zulu,bongani.zulu.104@example.com,0730823576,Midrand
105,Bongani Abrahams,bongani.abrahams.105@example.com,0720831495,Alberton
106,Bongani Benjamin,bongani.benjamin.106@example.com,0600839414,Roodepoort
107,Bongani Coetzee,bongani.coetzee.107@example.com,0650847333,Midrand
108,Bongani Davids,bongani.davids.108@example.com,0720855252,Germiston
109,Bongani Gumede,bongani.gumede.109@example.com,0820863171,Randburg
110,Bongani Hlongwane,bongani.hlongwane.110@example.com,0600871090,Durban
111,Bongani Mahlangu,bongani.mahlangu.111@example.com,0660879009,Sandton
112,Bongani Mahlase,bongani.mahlase.112@example.com,0650886928,Sandton
113,Bongani Mkhize,bongani.mkhize.113@example.com,0600894847,Randburg
114,Bongani Modise,bongani.modise.114@example.com,0610902766,Durban
115,Bongani Msimang,bongani.msimang.115@example.com,0790910685,Vereeniging
116,Bongani Ntuli,bongani.ntuli.116@example.com,0710918604,Nelspruit
117,Bongani Petersen,bongani.petersen.117@example.com,0740926523,Bloemfontein
118,Bongani Phiri,bongani.phiri.118@example.com,0710934442,Centurion
119,Bongani Ramaphosa,bongani.ramaphosa.119@example.com,0610942361,Boksburg
120,Bongani Swanepoel,bongani.swanepoel.120@example.com,0640950280,Cape Town
121,Brian Adams,brian.adams.121@example.com,0610958199,Midrand
122,Brian Baloyi,brian.baloyi.122@example.com,0600966118,Boksburg
123,Brian Botha,brian.botha.123@example.com,0660974037,Fourways
124,Brian Cele,brian.cele.124@example.com,0820981956,Alberton
125,Brian Dlamini,brian.dlamini.125@example.com,0670989875,Germiston
126,Brian Du Preez,brian.du.preez.126@example.com,0760997794,Cape Town
127,Brian Jacobs,brian.jacobs.127@example.com,0821005713,Germiston
128,Brian Khan,brian.khan.128@example.com,0631013632,Sandton
129,Brian Khumalo,brian.khumalo.129@example.com,0741021551,Alberton
130,Brian Maseko,brian.maseko.130@example.com,0641029470,Kempton Park
131,Brian Mokoena,brian.mokoena.131@example.com,0781037389,Midrand
132,Brian Molefe,brian.molefe.132@example.com,0631045308,Benoni
133,Brian Mthembu,brian.mthembu.133@example.com,0731053227,Sandton
134,Brian Naidoo,brian.naidoo.134@example.com,0831061146,Sandton
135,Brian Ndlovu,brian.ndlovu.135@example.com,0601069065,Vereeniging
136,Brian Nkosi,brian.nkosi.136@example.com,0671076984,Cape Town
137,Brian Pillay,brian.pillay.137@example.com,0831084903,Midrand
138,Brian Radebe,brian.radebe.138@example.com,0631092822,Nelspruit
139,Brian Sithole,brian.sithole.139@example.com,0741100741,Germiston
140,Brian Smith,brian.smith.140@example.com,0651108660,Durban
141,Brian Van Der Merwe,brian.van.der.merwe.141@example.com,0641116579,Soweto
142,Brian Williams,brian.williams.142@example.com,0731124498,Polokwane
143,Brian Zungu,brian.zungu.143@example.com,0641132417,Kempton Park
144,Brian Zulu,brian.zulu.144@example.com,0661140336,Soweto
145,Brian Abrahams,brian.abrahams.145@example.com,0761148255,Alberton
146,Brian Benjamin,brian.benjamin.146@example.com,0631156174,Kempton Park
147,Brian Coetzee,brian.coetzee.147@example.com,0731164093,Nelspruit
148,Brian Davids,brian.davids.148@example.com,0821172012,Bloemfontein
149,Brian Gumede,brian.gumede.149@example.com,0651179931,Benoni
150,Brian Hlongwane,brian.hlongwane.150@example.com,0651187850,Pretoria
151,Brian Mahlangu,brian.mahlangu.151@example.com,0781195769,Boksburg
152,Brian Mahlase,brian.mahlase.152@example.com,0711203688,Cape Town
153,Brian Mkhize,brian.mkhize.153@example.com,0661211607,Roodepoort
154,Brian Modise,brian.modise.154@example.com,0631219526,Boksburg
155,Brian Msimang,brian.msimang.155@example.com,0671227445,Boksburg
156,Brian Ntuli,brian.ntuli.156@example.com,0761235364,Nelspruit
157,Brian Petersen,brian.petersen.157@example.com,0761243283,Pretoria
158,Brian Phiri,brian.phiri.158@example.com,0741251202,Vereeniging
159,Brian Ramaphosa,brian.ramaphosa.159@example.com,0631259121,Nelspruit
160,Brian Swanepoel,brian.swanepoel.160@example.com,0731267040,Benoni
161,David Adams,david.adams.161@example.com,0731274959,Cape Town
162,David Baloyi,david.baloyi.162@example.com,0761282878,Boksburg
163,David Botha,david.botha.163@example.com,0791290797,Johannesburg
164,David Cele,david.cele.164@example.com,0661298716,Kempton Park
165,David Dlamini,david.dlamini.165@example.com,0731306635,Durban
166,David Du Preez,david.du.preez.166@example.com,0661314554,Soweto
167,David Jacobs,david.jacobs.167@example.com,0721322473,Randburg
168,David Khan,david.khan.168@example.com,0821330392,Sandton
169,David Khumalo,david.khumalo.169@example.com,0721338311,Soweto
170,David Maseko,david.maseko.170@example.com,0781346230,Polokwane
171,David Mokoena,david.mokoena.171@example.com,0761354149,Centurion
172,David Molefe,david.molefe.172@example.com,0731362068,Johannesburg
173,David Mthembu,david.mthembu.173@example.com,0831369987,Benoni
174,David Naidoo,david.naidoo.174@example.com,0711377906,Pretoria
175,David Ndlovu,david.ndlovu.175@example.com,0601385825,Alberton
176,David Nkosi,david.nkosi.176@example.com,0711393744,Midrand
177,David Pillay,david.pillay.177@example.com,0781401663,Pretoria
178,David Radebe,david.radebe.178@example.com,0611409582,Sandton
179,David Sithole,david.sithole.179@example.com,0641417501,Durban
180,David Smith,david.smith.180@example.com,0711425420,Boksburg
181,David Van Der Merwe,david.van.der.merwe.181@example.com,0741433339,Vereeniging
182,David Williams,david.williams.182@example.com,0651441258,Midrand
183,David Zungu,david.zungu.183@example.com,0601449177,Kempton Park
184,David Zulu,david.zulu.184@example.com,0651457096,Centurion
185,David Abrahams,david.abrahams.185@example.com,0821465015,Germiston
186,David Benjamin,david.benjamin.186@example.com,0791472934,Bloemfontein
187,David Coetzee,david.coetzee.187@example.com,0821480853,Kempton Park
188,David Davids,david.davids.188@example.com,0611488772,Kempton Park
189,David Gumede,david.gumede.189@example.com,0711496691,Fourways
190,David Hlongwane,david.hlongwane.190@example.com,0831504610,Kempton Park
191,David Mahlangu,david.mahlangu.191@example.com,0831512529,Soweto
192,David Mahlase,david.mahlase.192@example.com,0651520448,Midrand
193,David Mkhize,david.mkhize.193@example.com,0641528367,Germiston
194,David Modise,david.modise.194@example.com,0711536286,Bloemfontein
195,David Msimang,david.msimang.195@example.com,0741544205,Pretoria
196,David Ntuli,david.ntuli.196@example.com,0661552124,Fourways
197,David Petersen,david.petersen.197@example.com,0611560043,Vereeniging
198,David Phiri,david.phiri.198@example.com,0781567962,Cape Town
199,David Ramaphosa,david.ramaphosa.199@example.com,0661575881,Kempton Park
200,David Swanepoel,david.swanepoel.200@example.com,0651583800,Alberton
201,Dineo Adams,dineo.adams.201@example.com,0711591719,Johannesburg
202,Dineo Baloyi,dineo.baloyi.202@example.com,0651599638,Nelspruit
203,Dineo Botha,dineo.botha.203@example.com,0651607557,Benoni
204,Dineo Cele,dineo.cele.204@example.com,0721615476,Midrand
205,Dineo Dlamini,dineo.dlamini.205@example.com,0741623395,Fourways
206,Dineo Du Preez,dineo.du.preez.206@example.com,0731631314,Fourways
207,Dineo Jacobs,dineo.jacobs.207@example.com,0601639233,Germiston
208,Dineo Khan,dineo.khan.208@example.com,0791647152,Boksburg
209,Dineo Khumalo,dineo.khumalo.209@example.com,0631655071,Durban
210,Dineo Maseko,dineo.maseko.210@example.com,0761662990,Nelspruit
211,Dineo Mokoena,dineo.mokoena.211@example.com,0671670909,Vereeniging
212,Dineo Molefe,dineo.molefe.212@example.com,0631678828,Randburg
213,Dineo Mthembu,dineo.mthembu.213@example.com,0831686747,Alberton
214,Dineo Naidoo,dineo.naidoo.214@example.com,0711694666,Vereeniging
215,Dineo Ndlovu,dineo.ndlovu.215@example.com,0661702585,Soweto
216,Dineo Nkosi,dineo.nkosi.216@example.com,0741710504,Boksburg
217,Dineo Pillay,dineo.pillay.217@example.com,0641718423,Kempton Park
218,Dineo Radebe,dineo.radebe.218@example.com,0791726342,Nelspruit
219,Dineo Sithole,dineo.sithole.219@example.com,0731734261,Johannesburg
220,Dineo Smith,dineo.smith.220@example.com,0741742180,Johannesburg
221,Dineo Van Der Merwe,dineo.van.der.merwe.221@example.com,0731750099,Sandton
222,Dineo Williams,dineo.williams.222@example.com,0721758018,Bloemfontein
223,Dineo Zungu,dineo.zungu.223@example.com,0641765937,Nelspruit
224,Dineo Zulu,dineo.zulu.224@example.com,0611773856,Soweto
225,Dineo Abrahams,dineo.abrahams.225@example.com,0671781775,Polokwane
226,Dineo Benjamin,dineo.benjamin.226@example.com,0661789694,Vereeniging
227,Dineo Coetzee,dineo.coetzee.227@example.com,0611797613,Boksburg
228,Dineo Davids,dineo.davids.228@example.com,0761805532,Roodepoort
229,Dineo Gumede,dineo.gumede.229@example.com,0721813451,Vereeniging
230,Dineo Hlongwane,dineo.hlongwane.230@example.com,0671821370,Nelspruit
231,Dineo Mahlangu,dineo.mahlangu.231@example.com,0831829289,Midrand
232,Dineo Mahlase,dineo.mahlase.232@example.com,0601837208,Polokwane
233,Dineo Mkhize,dineo.mkhize.233@example.com,0631845127,Bloemfontein
234,Dineo Modise,dineo.modise.234@example.com,0781853046,Kempton Park
235,Dineo Msimang,dineo.msimang.235@example.com,0731860965,Vereeniging
236,Dineo Ntuli,dineo.ntuli.236@example.com,0671868884,Sandton
237,Dineo Petersen,dineo.petersen.237@example.com,0711876803,Johannesburg
238,Dineo Phiri,dineo.phiri.238@example.com,0731884722,Midrand
239,Dineo Ramaphosa,dineo.ramaphosa.239@example.com,0791892641,Fourways
240,Dineo Swanepoel,dineo.swanepoel.240@example.com,0741900560,Soweto
241,James Adams,james.adams.241@example.com,0761908479,Nelspruit
242,James Baloyi,james.baloyi.242@example.com,0711916398,Roodepoort
243,James Botha,james.botha.243@example.com,0731924317,Midrand
244,James Cele,james.cele.244@example.com,0651932236,Benoni
245,James Dlamini,james.dlamini.245@example.com,0671940155,Cape Town
246,James Du Preez,james.du.preez.246@example.com,0721948074,Nelspruit
247,James Jacobs,james.jacobs.247@example.com,0791955993,Benoni
248,James Khan,james.khan.248@example.com,0721963912,Vereeniging
249,James Khumalo,james.khumalo.249@example.com,0821971831,Polokwane
250,James Maseko,james.maseko.250@example.com,0781979750,Sandton
