delivery_id,order_id,driver_id,vehicle_id,delivery_date,status
1,1,1,1,2026-09-02,Delivered
2,2,2,3,2026-09-03,Delivered
3,3,3,2,2026-09-04,In Transit
4,4,4,4,,Processing
5,5,5,5,2026-09-06,Delivered
6,6,1,1,2026-09-07,In Transit
7,7,2,3,,Processing
8,8,3,2,2026-09-09,Delivered
9,9,4,4,2026-09-10,Delivered
10,10,5,5,2026-09-11,In Transit
11,11,19,8,2026-03-03,Delivered
12,12,26,23,2026-03-26,Delivered
13,13,11,13,2025-12-17,Delivered
14,14,3,13,2026-08-14,Delivered
15,15,29,2,2026-03-24,Delivered
16,16,14,18,2026-04-01,Delivered
17,17,4,10,2026-08-28,Delivered
18,18,30,10,2026-02-04,Delivered
19,19,8,22,2026-08-07,Delivered
20,20,13,22,2026-02-21,Delivered
21,22,5,16,2026-09-01,Delivered
22,23,14,11,2025-10-14,Delivered
23,24,23,2,2026-09-04,In Transit
24,25,21,16,2025-10-31,Delivered
25,26,4,15,2026-04-05,Delivered
26,27,14,9,2025-12-12,Delivered
27,28,24,18,2025-12-06,Delivered
28,29,19,5,2026-03-19,Delivered
29,30,20,14,2026-01-11,In Transit
30,31,5,20,2026-04-09,Delivered
31,32,6,14,2026-10-01,Delivered
32,33,30,13,2026-07-10,Delivered
33,34,24,16,2025-12-15,In Transit
34,35,30,12,2026-08-15,Delivered
35,36,8,18,2026-03-01,Delivered
36,37,29,23,2026-05-03,Delivered
37,38,14,12,2026-05-22,Delivered
38,39,29,14,2026-02-06,Delivered
39,40,16,20,2025-12-29,Delivered
40,41,26,15,2025-10-27,Delivered
41,42,5,16,2026-07-15,Delivered
42,43,21,4,2026-01-22,Delivered
43,44,11,17,2026-01-07,Delivered
44,45,27,17,2026-02-11,Delivered
45,46,14,10,2026-06-13,Delivered
46,47,24,23,2026-04-01,Delivered
47,48,24,20,2026-02-24,Delivered
48,49,6,3,2026-09-24,Delivered
49,50,15,2,2026-03-22,Delivered
50,51,29,14,2026-07-24,Delivered
51,52,4,19,2026-02-05,Delivered
52,53,18,4,2025-11-22,Delivered
53,54,1,23,,Processing
54,55,10,20,2025-12-15,Delivered
55,56,13,9,2026-09-12,Delivered
56,57,16,21,2026-07-17,Delivered
57,58,27,17,2025-11-28,Delivered
58,59,3,8,2026-08-28,Delivered
59,60,15,7,2026-05-17,Delivered
60,61,8,21,2026-07-27,Delivered
61,62,4,2,2026-03-16,Delivered
62,63,7,17,2025-10-04,Delivered
63,64,7,12,2026-03-21,Delivered
64,65,30,23,2025-10-02,In Transit
65,66,18,21,2025-11-15,Delivered
66,67,5,17,2026-04-15,Delivered
67,68,26,10,2026-03-26,Delivered
68,69,28,17,2025-11-08,Delivered
69,70,24,5,2026-03-13,Delivered
70,71,3,22,2025-12-30,Delivered
71,72,13,5,2025-12-16,Delivered
72,73,9,12,2026-07-31,Delivered
73,74,2,10,2026-02-06,Delivered
74,75,12,24,2026-03-04,Delivered
75,76,21,8,2026-09-21,Delivered
76,77,22,2,2026-01-10,Delivered
77,78,14,19,2026-07-27,Delivered
78,79,26,15,2025-10-23,In Transit
79,80,5,6,2025-10-17,Delivered
80,81,27,18,2026-09-13,Delivered
81,82,1,18,2025-10-28,Delivered
82,83,1,9,2025-12-14,Delivered
83,84,30,23,2026-02-15,Delivered
84,85,17,5,2026-01-18,Delivered
85,86,29,4,2025-10-07,Delivered
86,87,16,12,2026-09-08,Delivered
87,88,23,4,2025-12-06,Delivered
88,89,17,5,2026-02-23,Delivered
89,90,23,20,2026-07-11,Delivered
90,91,14,11,2026-07-21,Delivered
91,92,20,15,2025-12-14,Delivered
92,93,3,6,2026-06-19,Delivered
93,94,26,2,2026-07-24,Delivered
94,95,5,12,2026-08-12,Delivered
95,96,2,3,2025-10-22,Delivered
96,97,15,22,2026-07-20,Delivered
97,98,2,9,2025-12-31,Delivered
98,99,26,2,2026-07-31,Delivered
99,100,18,3,2026-02-28,Delivered
100,101,17,7,2026-03-14,Delivered
101,102,5,11,2026-01-27,In Transit
102,103,1,8,2026-03-19,Delivered
103,104,1,14,2026-08-05,Delivered
104,105,5,3,2025-11-06,Delivered
105,107,2,13,2025-12-22,Delivered
106,108,10,17,2025-12-19,In Transit
107,109,9,19,2026-07-13,Delivered
108,110,25,7,2026-05-24,Delivered
109,111,5,15,2025-12-28,Delivered
110,112,24,6,2026-04-04,Delivered
111,113,5,11,2026-06-21,Delivered
112,114,7,20,2026-03-02,Delivered
113,115,1,13,2026-02-19,Delivered
114,116,2,15,2025-10-27,Delivered
115,117,26,23,2026-01-03,Delivered
116,118,3,15,2026-04-12,Delivered
117,119,22,22,2025-11-29,Delivered
118,120,13,14,2026-02-01,Delivered
119,121,27,19,2026-02-22,Delivered
120,122,21,3,2025-12-20,Delivered
121,123,29,15,2026-07-06,Delivered
122,124,27,15,2025-11-17,Delivered
123,125,1,2,2025-11-19,Delivered
124,126,13,6,2026-04-12,Delivered
125,127,10,4,2026-07-27,Delivered
126,128,7,7,2026-09-19,Delivered
127,129,5,21,2025-12-29,Delivered
128,130,5,20,2026-03-19,Delivered
129,131,4,19,2026-03-10,Delivered
130,132,30,12,2026-09-11,Delivered
131,133,26,7,2026-07-01,Delivered
132,134,1,6,2026-08-27,Delivered
133,135,15,16,2026-06-24,Delivered
134,136,17,23,2026-07-02,Delivered
135,137,29,2,2025-10-05,Delivered
136,138,15,21,2026-05-04,Delivered
137,139,24,3,2026-04-17,Delivered
138,140,7,14,2025-12-17,Delivered
139,141,10,1,2026-02-03,Delivered
140,142,19,1,2026-05-13,Delivered
141,143,5,24,2025-11-08,Delivered
142,144,12,9,2026-02-09,In Transit
143,145,23,9,2026-04-22,Delivered
144,146,27,16,2026-09-16,Delivered
145,147,12,19,2026-04-11,Delivered
146,148,14,2,2026-02-25,Delivered
147,149,17,24,2026-02-25,Delivered
148,151,15,10,2025-11-11,Delivered
149,153,30,10,2026-04-26,Delivered
150,154,12,12,2026-04-21,Delivered
151,155,10,17,2026-09-14,In Transit
152,156,15,21,2025-12-11,Delivered
153,157,29,5,2026-06-12,Delivered
154,158,13,24,2026-01-11,Delivered
155,159,25,18,2025-11-19,Delivered
156,160,27,22,2026-03-22,Delivered
157,161,11,23,2026-02-06,Delivered
158,162,2,7,2025-11-12,Delivered
159,163,25,14,2026-05-17,Delivered
160,164,2,5,2026-02-23,Delivered
161,165,17,14,2026-07-17,Delivered
162,166,12,16,2026-08-17,Delivered
163,167,6,23,2026-03-03,Delivered
164,168,18,12,2026-06-25,Delivered
165,169,3,21,2025-12-20,In Transit
166,170,20,10,2026-04-15,Delivered
167,171,23,13,2026-05-14,Delivered
168,172,20,2,2025-10-27,Delivered
169,173,17,2,2025-10-08,In Transit
170,174,18,3,2026-02-06,Delivered
171,175,7,4,2026-02-23,Delivered
172,177,19,4,2026-02-23,Delivered
173,178,8,5,2026-05-08,Delivered
174,179,2,10,2026-04-17,Delivered
175,180,21,3,2025-11-21,Delivered
176,181,7,11,2026-01-20,Delivered
177,182,8,19,2026-05-03,Delivered
178,183,25,2,2026-10-01,Delivered
179,184,9,5,,Processing
180,185,8,20,2026-04-15,Delivered
181,186,3,17,2025-12-17,Delivered
182,187,25,21,2026-02-02,Delivered
183,188,8,3,2026-02-09,Delivered
184,189,7,9,2026-03-25,Delivered
185,190,2,1,2025-12-05,Delivered
186,191,14,20,2026-02-01,Delivered
187,192,15,1,2026-09-03,Delivered
188,193,13,21,2026-05-11,Delivered
189,194,2,8,2026-08-30,Delivered
190,195,20,20,2026-07-14,Delivered
191,196,16,11,2025-11-23,Delivered
192,197,22,4,,Processing
193,198,10,10,2026-04-10,Delivered
194,199,16,17,2026-04-12,Delivered
195,200,5,4,2026-09-01,Delivered
196,201,25,13,,Processing
197,202,16,10,2026-01-19,Delivered
198,203,4,11,2026-07-07,Delivered
199,204,19,19,,Processing
200,205,18,15,2026-09-21,Delivered
201,206,7,12,2025-10-16,Delivered
202,207,7,12,2026-04-14,Delivered
203,208,19,23,2026-03-06,Delivered
204,209,30,15,2026-07-13,Delivered
205,210,28,13,2026-07-10,Delivered
206,211,23,5,2026-07-05,Delivered
207,212,10,18,2026-02-25,Delivered
208,213,23,11,2026-05-05,Delivered
209,214,12,20,2025-12-06,Delivered
210,215,3,18,2026-08-23,Delivered
211,216,28,19,2026-07-15,Delivered
212,217,27,24,2025-10-12,Delivered
213,218,23,21,2026-01-03,Delivered
214,219,2,24,2026-04-30,Delivered
215,220,15,1,2025-10-23,Delivered
216,221,1,8,2026-06-05,Delivered
217,222,1,20,2026-02-22,Delivered
218,223,25,16,2026-08-18,Delivered
219,224,22,9,2025-10-30,Delivered
220,225,22,20,2025-11-26,Delivered
221,226,21,9,2026-03-20,Delivered
222,227,2,19,2026-06-27,Delivered
223,228,26,21,2026-05-14,Delivered
224,229,30,2,2026-02-24,Delivered
225,230,12,21,2026-04-24,Delivered
226,231,19,22,2026-04-16,Delivered
227,232,22,13,2026-09-01,Delivered
228,233,23,23,2026-02-16,Delivered
229,234,27,23,2026-05-17,Delivered
230,235,2,24,2026-09-18,Delivered
231,236,18,10,2026-08-30,Delivered
232,237,10,22,2026-04-11,Delivered
233,238,29,13,2025-11-20,Delivered
234,239,4,18,2026-05-27,Delivered
235,240,1,5,2026-08-10,Delivered
236,241,16,16,2026-06-11,Delivered
237,242,13,12,2026-08-10,Delivered
238,243,11,12,2026-01-17,Delivered
239,244,29,7,2026-01-14,Delivered
240,245,19,11,2025-10-21,Delivered
241,246,5,18,2026-04-09,Delivered
242,247,10,5,2026-06-25,Delivered
243,248,28,15,2025-12-01,Delivered
244,249,8,24,2026-07-25,Delivered
245,250,26,1,2025-12-06,Delivered
246,251,29,23,2026-03-04,Delivered
247,252,25,24,2026-04-10,Delivered
248,253,1,3,2026-02-06,Delivered
249,254,24,14,2026-08-21,Delivered
250,255,15,8,2026-04-26,Delivered
251,256,13,24,2025-12-29,Delivered
252,257,2,16,2025-12-08,Delivered
253,258,7,21,2026-08-18,Delivered
254,259,27,5,2026-09-24,Delivered
255,260,4,15,2025-10-11,Delivered
256,261,29,1,2026-08-01,Delivered
257,262,20,16,2025-12-15,Delivered
258,263,14,19,2026-03-29,Delivered
259,264,25,22,2026-05-10,Delivered
260,265,14,14,2026-01-02,Delivered
261,266,6,22,2025-12-26,Delivered
262,267,6,10,2026-01-26,Delivered
263,268,19,21,2026-01-26,Delivered
264,269,15,7,2026-02-01,Delivered
265,270,4,11,2026-04-29,Delivered
266,271,17,11,2025-10-06,Delivered
267,272,2,13,2025-11-04,Delivered
268,273,23,1,2026-02-26,Delivered
269,274,19,7,2026-03-14,Delivered
270,275,8,24,2026-05-14,Delivered
271,276,23,7,2025-11-23,Delivered
272,277,28,19,2026-08-01,Delivered
273,278,18,12,2026-06-21,Delivered
274,279,4,6,2026-07-22,Delivered
275,280,9,2,2025-11-13,Delivered
276,281,13,14,,Processing
277,282,27,11,2026-03-03,Delivered
278,283,19,24,2026-01-20,Delivered
279,284,4,15,2025-12-14,Delivered
280,285,30,9,2025-10-13,Delivered
281,287,30,14,2026-08-11,Delivered
282,288,30,15,2026-08-31,Delivered
283,289,27,6,2026-06-07,Delivered
284,290,28,10,2025-10-19,Delivered
285,291,28,7,2026-03-20,Delivered
286,292,2,19,2026-09-08,In Transit
287,293,24,5,2025-12-09,Delivered
288,294,10,2,2026-05-03,Delivered
289,295,7,7,2025-11-01,Delivered
290,296,20,1,2025-10-12,Delivered
291,297,21,7,2025-12-19,Delivered
292,298,13,23,2026-08-22,Delivered
293,299,22,24,,Processing
294,300,13,6,2025-12-31,Delivered
295,301,3,15,2026-06-27,Delivered
296,302,23,5,2026-02-23,Delivered
297,303,25,7,2025-12-26,Delivered
298,304,8,9,2026-07-30,Delivered
299,305,26,7,2026-04-16,Delivered
300,306,28,13,2026-04-03,Delivered
301,307,14,10,2026-08-28,Delivered
302,308,10,4,2025-12-10,Delivered
303,309,27,9,2026-06-27,Delivered
304,310,18,11,2026-05-03,Delivered
305,311,30,16,2026-01-20,Delivered
306,312,19,1,2026-03-13,Delivered
307,313,10,6,2026-01-06,Delivered
308,314,22,18,2025-10-10,Delivered
309,315,23,21,2026-08-03,Delivered
310,316,14,1,2025-10-07,Delivered
311,317,18,17,2026-01-10,Delivered
312,318,12,6,2026-06-02,Delivered
313,320,17,10,2025-10-04,Delivered
314,321,1,22,2026-09-29,In Transit
315,323,22,9,2025-12-03,Delivered
316,324,23,9,2026-02-17,Delivered
317,325,18,3,2026-04-16,Delivered
318,326,26,24,2026-06-19,Delivered
319,327,22,3,2025-10-15,Delivered
320,328,16,2,2026-03-25,Delivered
321,329,17,7,2025-12-06,Delivered
322,330,4,4,2026-06-27,Delivered
323,331,7,13,2026-05-15,Delivered
324,332,22,12,2026-03-31,Delivered
325,333,16,6,2026-09-08,Delivered
326,334,28,22,2026-02-08,Delivered
327,335,9,20,2026-09-17,Delivered
328,336,16,13,2026-09-30,In Transit
329,337,9,19,2026-01-27,Delivered
330,338,5,16,2026-05-24,Delivered
331,339,10,19,2026-01-08,Delivered
332,340,11,17,2026-03-21,Delivered
333,341,26,13,2026-06-12,Delivered
334,342,7,7,2026-02-19,Delivered
335,344,14,5,,Processing
336,345,21,6,2026-01-12,Delivered
337,346,19,9,2026-03-10,Delivered
338,347,26,1,2025-11-11,Delivered
339,348,15,18,2026-07-18,Delivered
340,349,27,12,2025-10-20,Delivered
341,350,12,12,2025-12-22,Delivered
342,351,2,14,,Processing
343,352,22,17,2026-05-18,Delivered
344,353,19,23,2026-03-08,Delivered
345,354,13,7,2026-03-12,Delivered
346,355,5,22,2026-07-29,Delivered
347,356,13,2,2026-03-02,Delivered
348,357,16,23,2026-03-17,Delivered
349,358,23,17,2026-09-21,Delivered
350,359,9,3,2026-06-11,Delivered
351,360,13,13,2025-11-02,Delivered
352,362,4,10,2026-05-28,Delivered
353,363,25,4,2025-12-21,Delivered
354,364,14,21,2026-03-11,Delivered
355,365,8,4,2026-07-03,Delivered
356,366,5,21,2026-09-14,Delivered
357,367,20,16,2025-12-07,Delivered
358,368,16,1,2025-10-16,In Transit
359,369,18,1,2026-04-03,Delivered
360,370,12,8,2026-03-06,Delivered
361,371,24,15,2026-04-10,Delivered
362,372,23,16,2025-10-23,Delivered
363,373,8,1,2026-03-10,Delivered
364,374,27,4,2026-03-27,Delivered
365,375,24,2,2026-02-28,Delivered
366,376,10,1,2026-09-16,Delivered
367,377,25,15,2026-09-22,Delivered
368,378,27,5,2025-11-07,Delivered
369,379,19,10,2025-11-23,Delivered
370,380,23,7,2026-06-06,Delivered
371,381,7,24,2026-01-16,Delivered
372,382,17,23,2026-06-04,Delivered
373,383,12,8,2025-10-04,Delivered
374,384,10,9,2026-07-12,Delivered
375,385,27,12,2026-02-08,Delivered
376,386,17,17,2026-08-16,Delivered
377,387,5,10,2026-02-11,Delivered
378,388,2,17,2025-11-22,Delivered
379,389,3,12,2026-05-08,Delivered
380,390,4,22,2026-01-24,Delivered
381,391,6,13,2026-01-25,Delivered
382,392,22,19,2026-01-26,In Transit
383,393,15,4,2026-04-26,In Transit
384,394,9,18,2025-11-22,Delivered
385,395,22,7,2026-08-27,Delivered
386,396,7,5,2025-10-20,Delivered
387,398,4,24,2026-06-21,Delivered
388,399,27,2,2026-03-06,Delivered
389,401,16,6,2026-02-07,Delivered
390,402,4,18,2026-05-03,Delivered
391,403,30,8,2025-10-25,Delivered
392,404,3,13,2025-12-06,Delivered
393,405,9,6,2025-10-29,Delivered
394,406,18,14,2026-07-05,Delivered
395,407,11,9,2026-03-11,Delivered
396,408,2,14,2026-04-07,Delivered
397,409,17,19,2025-11-27,Delivered
398,410,20,4,2025-10-19,Delivered
399,411,4,21,2025-12-25,Delivered
400,412,26,18,2026-09-18,Delivered
401,413,2,21,2026-01-06,Delivered
402,414,14,24,2026-05-26,Delivered
403,415,9,19,2026-06-15,Delivered
404,416,11,23,2025-10-24,Delivered
405,417,24,24,2026-05-05,Delivered
406,418,21,20,2026-04-18,Delivered
407,419,15,15,2026-09-20,Delivered
408,420,28,9,2026-06-17,Delivered
409,421,21,1,2026-06-30,Delivered
410,422,2,11,2026-09-19,Delivered
411,423,11,13,2026-02-16,Delivered
412,424,24,17,2026-06-19,Delivered
413,425,1,4,2026-08-07,Delivered
414,426,16,21,2025-11-29,Delivered
415,427,8,3,2026-01-15,Delivered
416,428,12,5,2026-06-05,Delivered
417,429,14,4,2025-11-01,Delivered
418,430,12,24,2026-01-24,Delivered
419,431,6,21,2025-10-07,Delivered
420,432,26,11,2026-07-29,Delivered
421,433,7,19,2026-08-07,Delivered
422,434,17,8,2026-05-10,Delivered
423,435,4,11,2025-10-28,Delivered
424,436,19,21,2026-06-22,Delivered
425,437,28,4,2026-04-02,Delivered
426,438,26,24,2025-11-02,Delivered
427,439,14,18,2025-11-15,Delivered
428,440,18,13,2026-05-21,Delivered
429,441,17,3,,Processing
430,442,11,23,2026-08-21,Delivered
431,443,15,15,2026-09-06,Delivered
432,444,13,7,2026-09-17,Delivered
433,445,15,7,2026-09-09,Delivered
434,446,8,12,2026-08-16,Delivered
435,447,20,9,2026-02-04,Delivered
436,448,12,11,2026-04-03,Delivered
437,449,26,18,2025-11-23,Delivered
438,450,7,2,2026-05-13,Delivered
439,451,11,4,2026-01-25,Delivered
440,452,24,16,2026-09-10,In Transit
441,453,12,3,2025-12-01,Delivered
442,454,3,21,2025-12-30,Delivered
443,455,20,21,2025-11-30,Delivered
444,456,29,13,2025-12-13,Delivered
445,457,30,23,2026-06-14,Delivered
446,458,23,11,2026-03-15,Delivered
447,459,1,20,2026-06-22,Delivered
448,460,30,15,2026-03-17,Delivered
449,461,2,18,2026-03-28,Delivered
450,462,21,5,2026-09-20,Delivered
451,463,14,2,2026-02-20,Delivered
452,464,11,4,2026-04-21,Delivered
453,465,26,11,2026-06-30,Delivered
454,466,23,20,2026-04-09,Delivered
455,467,2,16,2026-05-06,Delivered
456,468,25,23,2026-02-11,Delivered
457,469,20,15,2026-03-12,Delivered
458,470,27,5,2026-01-17,Delivered
459,471,26,20,2026-02-25,Delivered
460,472,10,17,2026-05-20,Delivered
461,473,25,1,2025-10-28,Delivered
462,474,9,4,2026-07-10,Delivered
463,475,20,3,2026-06-23,Delivered
464,476,27,21,2025-11-09,Delivered
465,477,19,18,2025-12-21,Delivered
466,478,3,10,2026-09-13,Delivered
467,480,11,21,2026-03-15,Delivered
468,482,9,21,2026-05-31,Delivered
469,483,29,19,2026-05-20,Delivered
470,484,25,4,2026-04-03,Delivered
471,485,12,24,2025-11-03,Delivered
472,486,6,2,2025-10-21,Delivered
473,487,22,19,2025-11-05,Delivered
474,488,23,12,2026-03-11,Delivered
475,489,21,19,2026-03-30,Delivered
476,491,16,16,2026-04-26,Delivered
477,492,7,16,2026-06-24,Delivered
478,493,5,9,2026-06-27,Delivered
479,494,13,21,2026-08-29,Delivered
480,495,24,24,2025-12-27,Delivered
481,496,26,11,2026-09-01,Delivered
482,497,11,3,2025-10-25,Delivered
483,498,15,19,2026-07-07,Delivered
484,499,27,1,2025-11-11,Delivered
485,500,19,21,2026-08-08,Delivered
486,501,18,18,2026-06-24,Delivered
487,502,6,1,2026-07-13,Delivered
488,503,28,22,2026-08-06,Delivered
489,504,4,16,2026-03-30,Delivered
490,505,2,22,2025-12-14,Delivered
491,506,18,19,2026-06-20,Delivered
492,507,1,4,2025-11-15,Delivered
493,508,9,9,2026-01-31,Delivered
494,509,20,5,,Processing
495,510,16,20,2026-01-12,Delivered
496,511,21,8,,Processing
497,512,7,12,2025-11-21,Delivered
498,513,14,4,2026-02-19,Delivered
499,514,23,5,2025-11-23,Delivered
500,515,5,5,2025-12-14,Delivered
501,516,1,11,2026-05-23,Delivered
502,517,5,2,2026-07-22,Delivered
503,518,4,4,2026-07-13,Delivered
504,519,9,15,2025-10-17,Delivered
505,520,13,13,2026-06-25,Delivered
506,521,14,24,2025-10-28,Delivered
507,522,30,13,2026-03-19,Delivered
508,523,19,24,2026-09-05,Delivered
509,524,1,13,2026-03-04,Delivered
510,525,22,21,2025-12-26,Delivered
511,526,26,14,2026-02-21,Delivered
512,527,10,1,2026-01-05,Delivered
513,528,26,6,2025-10-16,Delivered
514,529,14,12,2026-02-01,Delivered
515,530,20,12,2026-04-13,Delivered
516,531,3,21,2026-06-01,Delivered
517,532,13,13,2026-01-29,Delivered
518,533,4,5,2026-03-03,Delivered
519,534,8,17,2026-01-12,Delivered
520,535,19,3,2026-03-24,Delivered
521,536,3,10,2026-04-24,Delivered
522,537,21,4,2025-11-29,Delivered
523,538,8,14,2026-07-21,Delivered
524,539,15,5,2026-06-18,Delivered
525,540,16,21,2025-10-09,Delivered
526,541,25,3,2026-04-03,Delivered
527,542,7,14,2026-05-23,Delivered
528,543,29,10,2025-11-15,Delivered
529,544,27,21,2026-04-21,Delivered
530,545,4,1,2026-03-28,Delivered
531,546,17,12,2026-03-25,Delivered
532,547,13,8,,Processing
533,548,18,5,2026-09-07,Delivered
534,549,27,21,2026-05-12,Delivered
535,550,16,3,2026-02-11,Delivered
536,551,6,5,2026-03-25,Delivered
537,552,9,7,2025-12-01,Delivered
538,553,25,20,2026-06-15,Delivered
539,554,5,14,2026-06-26,Delivered
540,555,26,7,2026-04-05,Delivered
541,556,29,3,2026-01-08,Delivered
542,557,2,4,2025-12-17,Delivered
543,558,3,2,2026-03-21,Delivered
544,559,26,1,2025-12-03,Delivered
545,560,13,21,2026-02-05,Delivered
546,561,23,16,2026-02-28,Delivered
547,562,21,7,2026-04-17,Delivered
548,564,22,22,2026-08-10,Delivered
549,565,18,16,2026-09-09,In Transit
550,567,22,6,2025-10-06,In Transit
551,568,9,7,2026-04-17,Delivered
552,569,18,22,2026-02-22,Delivered
553,570,26,15,2026-04-05,Delivered
554,571,19,12,2025-12-26,Delivered
555,572,10,13,2026-05-07,Delivered
556,573,25,7,2026-01-23,Delivered
557,574,9,5,2025-11-02,Delivered
558,575,5,23,2026-09-23,Delivered
559,576,13,22,2026-04-19,Delivered
560,577,11,24,2025-12-03,Delivered
561,578,23,18,2025-10-05,Delivered
562,579,28,6,2026-01-03,Delivered
563,580,29,10,2025-10-18,Delivered
564,581,2,13,2026-08-03,Delivered
565,582,17,13,2025-12-13,Delivered
566,583,3,7,2026-05-23,Delivered
567,584,3,1,2026-04-29,Delivered
568,585,20,15,2026-02-02,Delivered
569,586,3,19,2026-09-24,Delivered
570,587,23,13,2025-12-20,Delivered
571,588,26,5,2026-04-11,Delivered
572,589,24,12,2025-11-22,Delivered
573,590,1,20,2026-01-31,Delivered
574,591,15,8,2026-01-18,Delivered
575,592,4,16,2026-04-18,Delivered
576,593,29,11,2026-03-23,Delivered
577,594,9,15,2026-07-11,Delivered
578,595,22,4,2026-01-19,Delivered
579,596,18,9,2026-09-27,In Transit
580,597,17,5,2026-05-09,Delivered
581,598,26,13,2026-04-05,Delivered
582,599,19,19,2026-01-20,Delivered
583,600,22,24,2026-02-14,Delivered
584,601,14,9,2026-04-03,Delivered
585,602,2,8,2026-08-04,Delivered
586,603,26,24,2026-07-11,Delivered
587,604,14,9,2026-03-21,Delivered
588,605,27,11,2026-07-30,Delivered
589,606,5,15,2026-08-17,Delivered
590,607,25,18,2026-06-15,Delivered
591,609,22,9,2026-09-17,In Transit
592,610,5,14,2026-04-19,Delivered
593,611,6,9,2025-12-28,Delivered
594,612,1,10,2026-02-04,Delivered
595,613,8,5,2026-06-09,Delivered
596,614,18,20,2026-09-04,Delivered
597,615,22,16,2026-06-19,Delivered
598,616,8,24,2026-06-07,Delivered
599,617,19,10,2026-07-28,Delivered
600,618,29,2,2026-07-17,Delivered
601,619,28,5,2026-06-12,Delivered
602,620,25,23,2026-05-03,Delivered
603,621,25,2,2026-02-10,Delivered
604,622,7,11,2026-07-12,Delivered
605,623,13,13,2026-04-29,Delivered
606,624,30,21,2026-09-22,Delivered
607,625,25,17,2026-05-16,Delivered
608,626,27,15,2025-10-20,Delivered
609,627,30,14,2025-12-20,Delivered
610,628,21,10,2025-12-06,Delivered
611,629,21,16,2026-03-04,Delivered
612,630,5,2,,Processing
613,631,14,7,2026-09-02,Delivered
614,632,4,21,2026-01-13,Delivered
615,633,4,14,2026-03-04,Delivered
616,634,25,2,2025-12-02,Delivered
617,635,28,16,2026-05-17,Delivered
618,636,15,12,2026-07-08,Delivered
619,637,20,12,2026-02-12,Delivered
620,638,24,6,2026-06-29,Delivered
621,639,15,22,2026-03-26,Delivered
622,640,3,13,2026-07-18,Delivered
623,641,23,6,2026-08-16,Delivered
624,642,14,8,2026-08-20,Delivered
625,643,21,1,2026-01-04,Delivered
626,644,3,6,2025-10-25,Delivered
627,645,3,5,2026-06-12,Delivered
628,646,7,20,2025-10-06,Delivered
629,647,23,2,2026-04-14,Delivered
630,648,29,7,,Processing
631,649,30,16,2026-04-12,Delivered
632,650,26,11,2026-02-16,Delivered
633,651,6,6,2026-02-17,Delivered
634,652,8,20,,Processing
635,653,9,2,2025-12-30,Delivered
636,654,4,7,2026-05-25,Delivered
637,655,24,11,2026-04-06,Delivered
638,656,11,6,2026-06-10,Delivered
639,657,18,12,2026-05-29,Delivered
640,658,1,5,2025-12-04,Delivered
641,659,18,8,2025-11-13,Delivered
642,660,8,20,2026-04-26,Delivered
643,661,12,10,2026-03-22,Delivered
644,662,16,6,2026-03-22,Delivered
645,664,21,19,2026-04-24,Delivered
646,665,7,13,2026-02-16,Delivered
647,666,11,7,2026-05-19,Delivered
648,667,27,12,2025-11-12,Delivered
649,668,6,13,2026-09-28,In Transit
650,669,23,20,2025-10-06,Delivered
651,670,12,19,2026-08-20,Delivered
652,671,12,24,2025-12-08,Delivered
653,672,29,22,2026-07-20,Delivered
654,673,26,24,2025-10-12,Delivered
655,675,13,18,2025-10-27,Delivered
656,676,23,8,2026-06-03,Delivered
657,678,19,5,2025-11-19,Delivered
658,679,15,23,2026-09-08,Delivered
659,680,2,22,2026-06-09,Delivered
660,681,5,8,2026-03-14,Delivered
661,682,14,23,,Processing
662,683,13,21,2026-06-13,Delivered
663,684,26,5,2026-01-07,Delivered
664,686,3,17,2025-11-04,Delivered
665,687,23,18,2026-09-18,Delivered
666,688,19,22,2026-03-27,Delivered
667,689,29,11,2026-02-10,Delivered
668,690,14,6,2025-10-29,Delivered
669,691,28,18,2026-03-11,Delivered
670,693,25,1,2026-01-06,Delivered
671,694,5,6,2026-09-03,Delivered
672,695,8,5,2026-05-09,Delivered
673,696,26,6,2026-04-14,Delivered
674,697,19,22,2026-03-12,Delivered
675,698,9,4,2026-03-18,Delivered
676,699,15,12,2026-02-18,Delivered
677,700,12,24,2025-12-25,Delivered
678,701,21,11,2026-01-18,Delivered
679,702,29,8,2026-08-26,Delivered
680,703,27,6,2025-12-03,Delivered
681,704,3,15,,Processing
682,705,19,8,2026-07-10,Delivered
683,706,6,2,2025-10-19,Delivered
684,707,16,22,2025-12-25,Delivered
685,708,19,15,2026-05-16,Delivered
686,709,24,8,2026-06-05,Delivered
687,710,7,9,2026-06-03,Delivered
688,711,7,6,2026-06-27,Delivered
689,712,26,10,2026-01-26,Delivered
690,713,25,4,2026-03-15,Delivered
691,714,15,20,2026-09-06,Delivered
692,715,4,22,2026-09-16,Delivered
693,716,10,1,2026-03-22,Delivered
694,717,14,2,2026-02-03,Delivered
695,718,24,20,2026-07-27,Delivered
696,719,22,1,2026-02-06,Delivered
697,720,10,24,2026-08-09,Delivered
698,721,9,23,2026-05-04,Delivered
699,722,20,8,2026-02-09,Delivered
700,723,12,7,2026-03-02,Delivered
701,724,27,4,2026-04-06,Delivered
702,725,8,6,,Processing
703,726,13,14,2026-04-30,Delivered
704,727,20,16,2026-06-08,Delivered
705,728,30,22,2026-01-15,Delivered
706,729,22,17,2026-07-20,In Transit
707,730,18,4,2025-11-30,Delivered
708,731,9,8,2026-05-28,Delivered
709,732,8,6,2026-06-04,Delivered
710,733,29,3,2026-01-11,Delivered
711,734,27,6,2026-04-18,Delivered
712,735,7,6,2026-07-30,Delivered
713,736,8,8,2025-11-24,Delivered
714,737,25,19,2026-03-02,Delivered
715,738,10,5,2026-03-13,Delivered
716,739,27,18,2026-10-01,Delivered
717,740,2,13,2026-04-29,Delivered
718,741,6,10,2026-06-05,Delivered
719,742,27,6,2026-07-10,Delivered
720,743,26,9,2026-03-05,Delivered
721,744,9,17,2026-03-15,Delivered
722,745,7,4,2026-04-20,Delivered
723,746,5,20,2026-07-29,Delivered
724,748,15,19,2026-09-16,Delivered
725,749,10,5,2026-02-19,Delivered
726,750,8,21,2025-10-27,Delivered
727,751,13,4,2025-10-05,Delivered
728,753,6,21,2026-05-26,Delivered
729,754,11,7,2026-06-03,Delivered
730,755,8,21,2026-02-18,Delivered
731,756,20,1,2026-04-13,Delivered
732,757,24,9,2026-07-19,Delivered
733,758,10,5,2025-11-25,Delivered
734,759,19,7,2026-01-18,Delivered
735,760,10,7,2026-05-31,Delivered
736,761,2,4,2026-08-17,Delivered
737,762,28,8,2025-11-07,Delivered
738,763,6,4,2026-05-18,Delivered
739,764,18,20,2026-04-23,Delivered
740,765,21,11,2025-12-07,In Transit
741,766,7,17,2026-04-05,Delivered
742,767,13,13,2025-10-08,Delivered
743,768,2,6,2026-08-30,Delivered
744,769,2,14,2025-12-09,Delivered
745,770,19,18,2026-06-08,Delivered
746,771,12,1,2026-04-16,Delivered
747,772,27,18,2025-10-30,Delivered
748,773,9,19,2026-09-11,Delivered
749,774,25,16,2025-12-03,Delivered
750,775,4,13,2026-08-22,Delivered
751,776,13,3,2026-06-30,Delivered
752,777,13,17,2025-11-22,Delivered
753,778,9,4,2026-06-16,Delivered
754,779,23,2,2026-07-10,Delivered
755,780,23,6,2026-05-07,Delivered
756,781,22,23,2025-11-03,Delivered
757,782,10,12,2026-05-06,Delivered
758,783,4,22,2026-01-05,Delivered
759,784,29,18,2026-04-14,Delivered
760,785,8,14,2026-07-22,Delivered
761,786,17,9,2026-07-05,Delivered
762,787,9,1,2025-10-25,Delivered
763,788,22,3,2026-02-27,Delivered
764,789,7,18,2026-07-15,Delivered
765,790,20,12,2026-09-19,Delivered
766,791,17,3,2026-06-14,Delivered
767,792,5,18,2026-04-06,Delivered
768,793,24,22,2025-10-06,Delivered
769,794,5,1,2025-10-22,Delivered
770,795,21,14,2026-08-29,In Transit
771,796,13,4,2025-11-12,Delivered
772,797,5,24,2026-03-16,Delivered
773,798,19,10,2026-09-18,Delivered
774,799,10,24,2025-12-21,Delivered
775,800,8,2,2026-06-19,Delivered
776,801,19,18,2026-04-14,Delivered
777,802,16,24,2026-02-09,Delivered
778,803,8,19,2026-06-18,Delivered
779,804,22,5,2026-05-21,Delivered
780,805,12,23,2026-06-14,Delivered
781,806,28,19,2026-08-04,Delivered
782,807,22,1,2026-04-26,Delivered
783,808,24,1,2026-06-25,Delivered
784,809,14,13,2025-12-07,Delivered
785,810,4,4,2025-11-21,Delivered
786,811,7,13,2025-12-28,Delivered
787,812,9,9,2025-12-29,Delivered
788,813,9,10,2026-07-12,Delivered
789,814,19,4,2026-06-25,Delivered
790,815,17,13,2025-10-19,Delivered
791,816,5,23,2026-02-27,Delivered
792,817,16,19,2025-11-07,Delivered
793,818,30,24,2025-12-31,Delivered
794,819,24,19,2026-06-08,Delivered
795,821,9,10,2026-05-06,Delivered
796,822,16,7,2026-07-12,In Transit
797,823,1,1,2026-01-16,Delivered
798,824,16,17,2026-06-29,Delivered
799,825,4,1,2026-07-04,Delivered
800,826,10,17,2026-03-22,Delivered
801,827,17,17,2026-05-12,Delivered
802,828,19,2,2025-12-31,Delivered
803,829,24,6,2025-11-26,Delivered
804,830,1,16,2026-05-09,Delivered
805,831,7,6,2026-03-25,Delivered
806,832,16,20,2026-01-16,Delivered
807,833,2,10,2025-11-22,Delivered
808,834,21,1,2026-08-15,Delivered
809,835,18,10,2026-04-27,Delivered
810,836,1,5,2026-05-29,Delivered
811,837,6,15,2026-01-24,Delivered
812,838,9,2,2026-06-28,Delivered
813,839,4,13,2025-12-14,Delivered
814,840,3,18,2025-11-19,Delivered
815,841,10,11,2025-10-13,Delivered
816,842,17,4,2025-11-21,Delivered
817,843,1,1,2026-05-22,Delivered
818,844,4,11,2026-03-26,Delivered
819,845,14,23,2026-09-05,Delivered
820,846,18,15,2026-01-21,Delivered
821,847,24,9,2026-01-18,Delivered
822,848,12,16,2026-06-24,Delivered
823,849,17,5,2025-10-11,Delivered
824,850,13,23,2026-05-30,Delivered
825,851,27,20,2026-02-14,Delivered
826,852,7,4,2025-10-26,Delivered
827,853,20,7,2026-04-18,Delivered
828,854,11,19,2026-03-12,Delivered
829,855,7,17,2026-02-21,Delivered
830,856,6,15,2026-06-29,Delivered
831,857,1,5,2026-06-19,Delivered
832,858,7,18,2026-05-23,Delivered
833,859,19,12,2026-02-26,Delivered
834,860,20,14,2025-11-13,Delivered
835,861,17,14,2026-07-28,Delivered
836,862,15,15,2026-05-15,Delivered
837,863,22,17,2026-04-07,Delivered
838,864,17,11,2026-04-11,Delivered
839,865,17,2,2025-11-21,Delivered
840,866,19,16,2026-05-05,Delivered
841,867,26,14,2026-07-04,Delivered
842,869,27,10,2026-07-18,Delivered
843,871,4,8,2026-07-17,Delivered
844,872,25,10,2026-08-25,Delivered
845,873,11,1,2026-05-20,Delivered
846,874,1,10,2026-03-31,Delivered
847,875,27,4,2026-04-11,Delivered
848,876,27,24,2025-11-28,In Transit
849,877,13,23,,Processing
850,878,23,13,2026-03-01,Delivered
851,879,15,22,2026-04-07,In Transit
852,880,11,24,2025-11-12,Delivered
853,881,17,1,2025-11-13,Delivered
854,882,13,23,2025-12-08,Delivered
855,883,25,24,2025-10-16,Delivered
856,884,28,13,2025-12-08,Delivered
857,885,29,16,2026-06-07,Delivered
858,886,5,7,2026-01-01,Delivered
859,888,26,6,,Processing
860,889,19,4,2025-12-28,Delivered
861,890,29,5,2026-05-19,Delivered
862,891,30,22,2025-12-02,Delivered
863,892,12,16,2026-05-17,Delivered
864,893,9,17,2026-05-10,Delivered
865,894,2,24,2026-01-02,Delivered
866,895,10,8,2026-08-27,Delivered
867,896,6,18,2026-04-10,Delivered
868,897,11,23,2025-10-10,Delivered
869,898,20,9,2025-12-26,Delivered
870,899,7,2,2026-07-16,Delivered
871,900,9,19,2026-04-26,Delivered
872,901,21,6,2026-08-18,Delivered
873,902,10,13,2026-09-26,Delivered
874,903,27,18,,Processing
875,904,12,15,2026-02-01,Delivered
876,905,23,5,2025-11-07,Delivered
877,906,9,15,2025-12-01,Delivered
878,907,5,6,2026-08-17,Delivered
879,908,29,10,2025-10-04,Delivered
880,909,18,18,2026-01-19,Delivered
881,911,12,13,2025-10-23,Delivered
882,912,30,18,2025-12-14,Delivered
883,913,8,17,,Processing
884,914,13,22,2026-03-17,Delivered
885,915,5,1,2026-03-08,Delivered
886,916,5,18,2025-12-02,Delivered
887,917,22,4,2026-04-02,Delivered
888,918,25,12,2026-03-13,Delivered
889,919,11,4,2025-10-05,Delivered
890,920,27,13,2026-03-14,Delivered
891,921,10,7,2025-12-29,Delivered
892,922,4,19,2026-03-10,Delivered
893,923,25,15,2026-07-14,Delivered
894,924,19,4,2025-11-16,Delivered
895,925,29,2,2025-10-17,Delivered
896,926,23,8,2026-07-18,Delivered
897,927,19,5,2026-03-16,Delivered
898,928,4,9,2025-10-19,Delivered
899,929,28,8,2026-08-13,In Transit
900,930,5,15,2025-12-21,Delivered
901,931,8,4,2026-03-22,Delivered
902,933,19,23,2025-10-23,In Transit
903,934,17,13,2026-06-25,Delivered
904,935,12,6,2026-09-09,Delivered
905,936,17,17,2026-01-15,Delivered
906,937,23,21,2025-12-24,Delivered
907,938,28,14,2025-12-20,Delivered
908,939,11,16,2025-10-25,Delivered
909,940,1,19,2025-11-27,Delivered
910,941,8,12,,Processing
911,942,29,16,2026-08-13,Delivered
912,943,6,23,2026-05-04,Delivered
913,944,17,21,2026-01-22,Delivered
914,945,11,5,2025-11-17,Delivered
915,946,21,13,2026-06-03,Delivered
916,947,15,3,2026-07-01,Delivered
917,948,10,4,2025-10-12,Delivered
918,949,25,6,2025-10-22,Delivered
919,950,18,21,2026-07-23,Delivered
920,951,21,21,2025-11-17,Delivered
921,952,30,22,2025-12-31,Delivered
922,953,9,7,2026-04-15,Delivered
923,954,20,15,2025-12-11,Delivered
924,955,4,1,2026-04-19,Delivered
925,956,29,20,2026-06-19,Delivered
926,957,14,15,2025-11-18,Delivered
927,958,3,10,2026-06-28,Delivered
928,959,11,15,2026-04-20,Delivered
929,960,19,18,2026-02-05,Delivered
930,961,26,15,2025-12-14,Delivered
931,962,25,2,2026-04-12,Delivered
932,964,16,17,2026-05-11,Delivered
933,965,3,14,2026-04-28,Delivered
934,966,17,22,2026-04-15,Delivered
935,967,10,16,2026-05-25,Delivered
936,968,7,2,2025-11-29,Delivered
937,969,11,18,2026-06-14,Delivered
938,970,10,12,2026-02-03,Delivered
939,971,2,13,2025-11-19,Delivered
940,972,17,22,2025-10-24,Delivered
941,973,21,10,2026-08-04,Delivered
942,974,16,14,2026-08-03,Delivered
943,975,17,15,2026-01-11,Delivered
944,976,8,21,2026-01-31,Delivered
945,977,10,4,2026-05-15,Delivered
946,978,17,24,2026-06-04,Delivered
947,980,12,9,2026-07-06,Delivered
948,981,11,20,2026-02-20,Delivered
949,982,10,14,2026-01-01,Delivered
950,983,18,13,2026-02-21,In Transit
951,984,17,8,2026-07-19,Delivered
952,985,20,14,2026-03-22,Delivered
953,987,6,17,2026-01-28,Delivered
954,988,29,8,2026-05-11,Delivered
955,989,13,15,2026-03-14,Delivered
956,990,18,17,2026-01-22,Delivered
957,991,26,7,2026-05-05,Delivered
958,992,29,15,2025-10-24,Delivered
959,994,19,1,2026-07-29,Delivered
960,995,17,22,2025-11-06,Delivered
961,996,18,4,2026-03-20,Delivered
962,997,15,5,2025-10-10,Delivered
963,998,26,10,2026-05-05,Delivered
964,999,3,21,2026-06-11,Delivered
965,1000,4,15,2026-06-21,Delivered
