driver_id,name,phone
1,Sibusiso Ndlovu,0812345678
2,Nomsa Zulu,0823456789
3,Peter Jacobs,0834567890
4,Ayanda Mthembu,0845678901
5,Michael Botha,0856789012
6,James Nkosi,0832027264
7,James Pillay,0822035183
8,James Radebe,0672043102
9,James Sithole,0652051021
10,James Smith,0762058940
11,James Van Der Merwe,0612066859
12,James Williams,0712074778
13,James Zungu,0762082697
14,James Zulu,0722090616
15,James Abrahams,0832098535
16,James Benjamin,0642106454
17,James Coetzee,0602114373
18,James Davids,0612122292
19,James Gumede,0602130211
20,James Hlongwane,0712138130
21,James Mahlangu,0612146049
22,James Mahlase,0602153968
23,James Mkhize,0722161887
24,James Modise,0612169806
25,James Msimang,0742177725
26,James Ntuli,0792185644
27,James Petersen,0612193563
28,James Phiri,0832201482
29,James Ramaphosa,0722209401
30,James Swanepoel,0742217320
