order_item_id,order_id,product_id,quantity
1,1,1,1
2,2,2,1
3,3,4,1
4,4,6,1
5,5,9,1
6,6,7,1
7,7,3,1
8,8,5,1
9,9,8,1
10,10,10,1
11,11,34,1
12,11,27,1
13,12,34,1
14,12,6,1
15,13,19,1
16,13,29,1
17,13,12,1
18,13,7,1
19,14,8,1
20,14,11,1
21,15,25,1
22,15,30,1
23,15,32,2
24,15,20,1
25,16,22,1
26,17,22,1
27,17,26,2
28,18,28,1
29,18,13,1
30,18,29,2
31,19,32,2
32,19,12,1
33,19,25,3
34,20,8,1
35,20,11,1
36,20,7,2
37,21,18,1
38,21,30,1
39,21,10,1
40,21,2,1
41,22,31,2
42,22,34,1
43,23,35,1
44,24,16,1
45,24,2,1
46,25,35,1
47,25,19,1
48,26,26,2
49,26,8,1
50,27,10,1
51,27,4,1
52,28,9,1
53,28,27,1
54,28,23,1
55,29,31,3
56,29,15,1
57,29,32,1
58,30,5,1
59,30,23,1
60,31,24,1
61,31,4,1
62,31,31,1
63,32,26,1
64,32,11,2
65,33,35,1
66,33,8,1
67,34,26,2
68,35,10,1
69,35,14,1
70,36,7,1
71,37,6,2
72,37,4,1
73,37,17,1
74,38,26,1
75,39,28,2
76,39,14,1
77,39,8,1
78,39,3,1
79,40,17,1
80,40,29,2
81,40,1,1
82,41,12,1
83,42,20,1
84,42,18,1
85,43,20,1
86,44,35,3
87,44,29,2
88,45,1,2
89,45,16,1
90,46,23,2
91,46,24,1
92,46,28,1
93,46,20,1
94,47,28,1
95,47,12,1
96,47,6,1
97,48,34,2
98,49,14,1
99,49,21,1
100,49,11,2
101,50,14,1
102,50,9,2
103,50,26,1
104,51,26,2
105,51,2,1
106,52,27,1
107,52,16,1
108,52,22,1
109,53,14,1
110,53,15,1
111,53,3,1
112,53,2,1
113,54,2,1
114,54,3,1
115,54,17,1
116,55,9,1
117,55,34,3
118,56,22,1
119,57,1,1
120,57,32,1
121,58,22,1
122,58,8,2
123,58,9,1
124,58,14,1
125,59,31,1
126,59,13,1
127,60,19,1
128,60,20,1
129,60,17,1
130,61,12,3
131,62,13,1
132,62,10,1
133,62,3,1
134,63,8,1
135,64,3,1
136,65,35,1
137,65,10,1
138,66,18,1
139,66,15,1
140,66,2,1
141,66,12,1
142,67,10,1
143,67,22,1
144,68,12,1
145,68,19,1
146,69,15,3
147,69,23,2
148,69,2,3
149,70,11,2
150,70,5,1
151,70,14,1
152,70,10,1
153,71,31,1
154,71,30,1
155,72,18,1
156,72,27,1
157,73,7,1
158,74,4,1
159,74,6,1
160,74,20,1
161,75,9,1
162,75,32,1
163,75,2,1
164,76,17,2
165,76,22,2
166,77,21,1
167,78,26,1
168,79,25,1
169,79,10,1
170,79,27,2
171,80,22,2
172,81,9,1
173,81,25,1
174,82,22,1
175,83,8,2
176,83,23,1
177,84,19,2
178,84,30,1
179,84,25,1
180,84,8,1
181,85,3,2
182,86,15,1
183,86,12,1
184,87,22,1
185,87,19,1
186,87,27,1
187,87,10,1
188,88,27,2
189,88,32,1
190,89,33,1
191,90,17,1
192,90,31,2
193,90,6,1
194,91,20,2
195,91,12,1
196,92,20,1
197,92,6,1
198,93,9,1
199,93,23,1
200,93,26,1
201,94,29,1
202,94,21,1
203,94,32,1
204,94,18,2
205,95,16,1
206,95,26,1
207,96,13,2
208,96,9,1
209,96,16,1
210,97,11,1
211,97,34,1
212,98,34,1
213,99,5,1
214,100,17,2
215,101,9,1
216,101,30,2
217,102,13,2
218,102,14,2
219,102,34,1
220,103,18,2
221,104,11,1
222,105,33,1
223,105,11,2
224,105,19,2
225,106,12,1
226,106,20,2
227,106,33,1
228,107,4,1
229,107,1,1
230,108,29,1
231,108,2,1
232,109,30,1
233,109,35,1
234,110,23,1
235,110,16,2
236,110,12,1
237,111,26,1
238,111,18,1
239,112,29,1
240,113,32,2
241,113,6,2
242,114,29,1
243,114,3,2
244,114,12,1
245,115,32,1
246,115,24,1
247,115,15,1
248,116,11,1
249,116,5,1
250,117,14,2
251,118,11,2
252,118,19,3
253,118,4,1
254,119,2,1
255,119,34,1
256,119,21,1
257,120,9,1
258,120,15,1
259,121,6,1
260,121,1,1
261,121,25,1
262,122,2,3
263,123,24,1
264,123,11,1
265,124,3,1
266,125,9,1
267,125,2,1
268,126,7,1
269,126,26,1
270,127,29,1
271,128,8,1
272,128,34,1
273,129,16,1
274,130,9,1
275,130,10,1
276,130,31,1
277,131,9,1
278,132,11,1
279,132,34,2
280,133,33,1
281,133,21,1
282,134,7,1
283,134,25,1
284,135,32,1
285,135,1,1
286,135,27,1
287,135,3,1
288,136,9,1
289,136,11,1
290,136,1,1
291,137,30,1
292,137,12,3
293,137,31,1
294,138,7,1
295,139,29,1
296,140,34,1
297,141,11,1
298,142,21,2
299,142,19,1
300,142,33,1
301,143,5,2
302,144,21,1
303,144,8,1
304,145,26,2
305,145,7,1
306,146,5,1
307,146,2,2
308,146,13,2
309,147,25,3
310,147,31,1
311,147,10,1
312,148,17,1
313,148,27,1
314,149,33,1
315,149,12,1
316,149,14,1
317,150,12,1
318,150,13,1
319,150,6,1
320,150,24,1
321,151,23,1
322,151,2,2
323,151,24,1
324,152,5,1
325,152,23,1
326,152,30,1
327,153,9,1
328,153,6,1
329,154,22,1
330,154,17,1
331,155,7,2
332,155,9,1
333,156,4,2
334,156,28,1
335,156,7,1
336,157,13,2
337,158,21,1
338,158,23,3
339,159,11,1
340,159,3,1
341,159,33,1
342,160,29,2
343,160,33,1
344,160,13,1
345,160,5,2
346,161,14,2
347,162,31,1
348,162,26,2
349,162,20,1
350,163,34,1
351,163,15,1
352,163,35,1
353,163,1,1
354,164,23,2
355,164,11,1
356,165,23,1
357,165,5,1
358,165,31,1
359,165,9,3
360,166,2,1
361,166,11,1
362,167,9,2
363,167,19,1
364,167,32,1
365,168,28,2
366,168,16,1
367,168,22,1
368,169,2,1
369,169,35,2
370,169,10,1
371,170,19,1
372,171,35,1
373,171,5,1
374,172,1,1
375,172,9,1
376,172,26,1
377,173,3,1
378,173,5,1
379,174,25,2
380,174,3,3
381,175,22,2
382,175,12,1
383,175,28,1
384,176,18,1
385,176,17,1
386,177,5,1
387,177,29,2
388,177,20,1
389,178,27,1
390,179,18,1
391,179,28,2
392,180,8,1
393,180,26,1
394,181,28,1
395,181,12,1
396,182,7,1
397,182,18,1
398,183,15,2
399,183,24,2
400,184,22,1
401,184,10,1
402,184,9,2
403,185,35,1
404,185,4,1
405,185,6,1
406,185,34,1
407,186,14,1
408,186,31,1
409,186,5,1
410,187,5,1
411,187,1,2
412,187,33,1
413,188,12,1
414,188,5,1
415,189,30,1
416,189,14,2
417,189,17,1
418,189,28,1
419,190,9,2
420,190,10,1
421,191,11,1
422,191,25,1
423,192,3,1
424,192,21,1
425,192,33,1
426,193,11,1
427,193,34,1
428,194,26,1
429,194,27,1
430,195,9,2
431,195,17,1
432,196,17,1
433,196,20,1
434,197,28,2
435,197,24,1
436,197,2,2
437,198,1,2
438,198,15,1
439,198,12,1
440,199,27,1
441,199,1,1
442,200,4,1
443,200,29,1
444,201,7,2
445,201,14,1
446,202,27,1
447,203,11,1
448,203,17,1
449,203,33,2
450,204,9,1
451,204,16,1
452,204,13,1
453,205,22,1
454,205,10,1
455,205,1,1
456,206,28,1
457,206,24,1
458,206,33,2
459,207,6,1
460,207,1,1
461,207,28,1
462,208,5,2
463,209,21,1
464,209,7,1
465,210,19,1
466,211,19,1
467,211,17,1
468,211,21,1
469,212,2,1
470,212,12,1
471,213,28,1
472,214,22,1
473,214,8,2
474,215,24,1
475,216,6,1
476,216,24,1
477,217,14,2
478,218,6,1
479,219,6,2
480,219,29,1
481,220,29,1
482,220,10,1
483,221,16,1
484,221,11,1
485,221,22,2
486,221,3,1
487,222,31,1
488,222,16,1
489,223,24,1
490,223,15,1
491,223,29,1
492,224,8,1
493,224,22,1
494,225,30,2
495,225,6,3
496,226,35,1
497,227,35,1
498,227,17,1
499,228,11,1
500,228,19,1
501,228,12,2
502,229,32,1
503,230,8,2
504,230,26,2
505,231,2,1
506,231,30,2
507,232,3,1
508,232,23,1
509,232,32,1
510,232,16,1
511,233,6,1
512,234,29,1
513,235,9,1
514,235,5,1
515,235,10,1
516,236,23,1
517,236,3,2
518,236,26,1
519,237,2,1
520,238,23,1
521,238,11,2
522,238,9,2
523,239,15,1
524,240,7,2
525,241,3,1
526,241,23,3
527,241,29,2
528,242,13,1
529,242,11,1
530,242,19,1
531,242,20,1
532,243,33,1
533,243,6,1
534,244,13,1
535,244,12,1
536,245,32,1
537,245,30,1
538,246,18,2
539,246,25,1
540,247,23,1
541,247,25,2
542,247,7,1
543,247,24,1
544,248,7,2
545,248,27,1
546,249,27,1
547,249,33,1
548,249,12,1
549,250,30,1
550,250,9,1
551,250,13,2
552,251,4,1
553,251,22,1
554,252,23,2
555,252,14,1
556,252,34,1
557,253,20,1
558,254,32,1
559,254,8,2
560,255,8,2
561,255,20,2
562,255,5,3
563,256,9,1
564,256,27,1
565,256,13,1
566,257,11,1
567,257,20,2
568,258,16,2
569,258,7,1
570,259,26,1
571,259,22,1
572,259,2,2
573,259,13,1
574,260,24,1
575,260,4,1
576,261,33,2
577,261,18,1
578,262,15,1
579,262,18,1
580,263,17,1
581,263,18,1
582,264,3,2
583,264,30,1
584,264,21,1
585,265,14,1
586,266,31,2
587,267,27,2
588,267,24,1
589,268,3,1
590,268,13,1
591,268,2,2
592,268,5,1
593,269,11,1
594,269,35,1
595,270,23,1
596,270,12,2
597,271,6,1
598,271,35,1
599,272,28,1
600,272,32,2
601,272,16,2
602,273,33,1
603,273,25,2
604,273,4,1
605,274,21,1
606,274,11,2
607,275,23,1
608,275,16,2
609,276,4,1
610,277,13,2
611,278,4,2
612,278,10,1
613,279,12,1
614,279,26,2
615,279,14,1
616,279,35,1
617,280,11,1
618,280,27,1
619,281,3,1
620,282,19,1
621,282,9,2
622,282,5,1
623,283,32,1
624,283,4,1
625,283,25,1
626,284,17,1
627,284,12,1
628,285,26,1
629,285,35,2
630,286,26,2
631,286,9,1
632,286,6,1
633,287,21,1
634,287,2,2
635,288,24,1
636,289,27,1
637,289,15,1
638,289,22,1
639,289,13,1
640,290,15,1
641,291,33,2
642,292,2,1
643,292,3,1
644,293,31,1
645,293,1,1
646,294,7,1
647,294,22,1
648,295,27,1
649,295,1,1
650,296,31,1
651,296,35,1
652,296,34,1
653,297,3,1
654,297,26,1
655,297,18,1
656,297,17,2
657,298,22,1
658,299,30,2
659,299,9,1
660,299,29,2
661,299,23,3
662,300,28,2
663,300,6,1
664,300,16,1
665,301,22,1
666,302,21,1
667,302,9,2
668,303,9,1
669,303,33,1
670,304,31,2
671,304,23,1
672,305,12,1
673,305,10,1
674,305,4,2
675,306,22,2
676,306,16,1
677,306,4,1
678,306,8,1
679,307,22,2
680,308,9,1
681,308,25,1
682,308,12,1
683,309,23,1
684,310,2,1
685,310,18,2
686,310,30,1
687,311,13,2
688,311,2,1
689,311,30,1
690,312,22,1
691,312,27,1
692,313,22,1
693,313,33,1
694,313,18,2
695,314,35,1
696,314,33,2
697,315,7,1
698,315,17,1
699,315,18,2
700,316,16,1
701,316,15,1
702,316,17,1
703,317,13,1
704,317,18,2
705,317,22,1
706,318,28,1
707,319,7,1
708,319,2,1
709,320,10,1
710,320,16,1
711,321,9,1
712,322,19,1
713,322,16,2
714,322,6,1
715,323,26,1
716,323,13,1
717,324,34,1
718,324,10,1
719,325,5,1
720,325,25,1
721,326,28,1
722,326,13,1
723,326,18,3
724,326,12,1
725,327,17,1
726,327,15,1
727,328,17,1
728,328,12,1
729,328,8,1
730,329,33,1
731,329,8,1
732,329,13,2
733,330,7,1
734,330,24,1
735,330,12,1
736,331,31,1
737,331,4,1
738,332,29,1
739,332,25,2
740,332,4,1
741,333,21,1
742,333,28,2
743,333,15,1
744,333,32,1
745,334,9,1
746,334,13,1
747,335,23,1
748,335,16,1
749,336,10,1
750,336,35,1
751,337,22,1
752,337,29,1
753,337,23,2
754,337,28,1
755,338,23,1
756,338,11,1
757,339,25,1
758,340,4,1
759,340,2,1
760,341,32,1
761,341,2,1
762,342,34,1
763,342,25,1
764,342,11,1
765,342,22,1
766,343,34,1
767,343,1,1
768,343,27,2
769,343,30,2
770,344,22,1
771,344,28,1
772,345,24,1
773,346,27,1
774,347,2,1
775,347,14,1
776,348,25,1
777,348,19,1
778,349,5,2
779,350,22,1
780,350,12,2
781,350,30,1
782,351,18,1
783,351,10,1
784,352,2,2
785,352,7,1
786,352,23,2
787,353,13,1
788,354,5,1
789,354,3,2
790,355,24,1
791,355,19,1
792,355,20,3
793,356,13,2
794,356,29,1
795,357,14,1
796,357,1,1
797,358,30,2
798,358,35,1
799,358,11,1
800,358,15,1
801,359,35,1
802,360,10,1
803,360,1,1
804,360,27,1
805,361,5,1
806,361,20,1
807,362,31,2
808,363,6,1
809,363,33,1
810,363,4,1
811,364,19,1
812,364,16,1
813,365,32,2
814,365,34,1
815,366,8,3
816,367,26,1
817,367,27,1
818,368,15,1
819,368,33,2
820,368,27,3
821,368,22,1
822,369,18,2
823,370,30,1
824,370,6,1
825,371,34,1
826,371,19,1
827,372,14,1
828,372,25,1
829,373,5,1
830,373,2,1
831,373,32,1
832,373,11,1
833,374,20,1
834,374,34,1
835,375,11,1
836,376,31,1
837,377,7,2
838,377,22,1
839,377,29,1
840,378,21,2
841,378,34,1
842,379,21,1
843,379,28,1
844,379,26,1
845,380,4,1
846,380,21,1
847,381,10,1
848,381,5,1
849,381,12,1
850,381,19,2
851,382,28,1
852,382,24,2
853,382,12,1
854,382,8,2
855,383,28,2
856,383,24,1
857,384,6,1
858,384,27,1
859,384,1,2
860,385,14,1
861,385,21,2
862,385,25,1
863,385,2,1
864,386,29,2
865,386,27,1
866,386,6,2
867,387,17,1
868,387,31,1
869,388,25,3
870,388,21,1
871,389,26,1
872,389,6,1
873,389,1,1
874,390,12,2
875,390,2,1
876,391,13,1
877,391,12,1
878,391,21,1
879,392,10,1
880,393,17,1
881,393,35,1
882,394,35,2
883,394,3,2
884,395,5,1
885,395,1,1
886,396,33,1
887,396,27,1
888,397,5,1
889,397,1,1
890,398,32,1
891,398,28,1
892,399,27,1
893,399,16,1
894,399,21,1
895,400,35,1
896,400,24,1
897,400,31,2
898,401,27,2
899,401,2,1
900,402,23,1
901,402,4,3
902,403,34,1
903,403,33,1
904,404,11,1
905,404,27,2
906,404,21,1
907,405,28,1
908,405,10,1
909,406,22,1
910,406,32,1
911,407,32,1
912,407,13,1
913,408,32,1
914,408,21,2
915,409,33,1
916,410,19,1
917,410,12,1
918,410,32,1
919,411,35,2
920,412,14,1
921,412,24,1
922,413,26,1
923,413,14,2
924,414,1,1
925,415,32,1
926,415,12,1
927,416,12,1
928,416,11,2
929,416,16,1
930,417,11,1
931,417,32,2
932,417,27,1
933,418,31,1
934,418,34,1
935,418,28,1
936,419,13,1
937,419,12,1
938,420,23,1
939,420,35,2
940,421,32,1
941,422,29,1
942,422,30,1
943,422,15,1
944,423,3,1
945,423,1,1
946,423,34,1
947,424,12,2
948,425,26,1
949,425,1,1
950,426,23,1
951,427,4,1
952,427,26,1
953,427,9,1
954,428,4,1
955,428,21,1
956,429,10,1
957,429,28,2
958,430,18,1
959,431,22,2
960,431,19,1
961,431,15,1
962,432,15,1
963,432,3,1
964,432,27,2
965,433,6,1
966,433,11,1
967,434,16,1
968,434,20,1
969,434,28,2
970,434,7,1
971,435,14,1
972,436,26,1
973,437,5,1
974,438,14,1
975,439,3,2
976,439,18,2
977,440,22,2
978,440,26,1
979,441,26,1
980,441,12,1
981,442,16,1
982,442,4,2
983,443,33,1
984,444,1,1
985,444,6,1
986,444,7,1
987,445,25,2
988,445,17,2
989,446,7,1
990,446,28,1
991,447,17,1
992,447,15,1
993,447,27,1
994,448,28,1
995,448,4,2
996,448,21,1
997,448,19,1
998,449,4,1
999,449,6,2
1000,449,21,1
1001,450,10,2
1002,451,6,1
1003,452,21,2
1004,452,29,1
1005,453,31,2
1006,453,12,3
1007,453,25,1
1008,454,27,1
1009,454,9,2
1010,454,7,1
1011,454,26,1
1012,455,30,1
1013,455,34,1
1014,456,34,1
1015,456,31,1
1016,456,24,1
1017,457,6,1
1018,457,16,1
1019,458,1,3
1020,458,29,1
1021,458,31,1
1022,459,25,1
1023,460,30,1
1024,461,18,1
1025,461,35,1
1026,462,9,2
1027,463,1,1
1028,463,14,1
1029,464,20,1
1030,464,3,1
1031,464,15,1
1032,465,20,1
1033,466,21,2
1034,466,31,2
1035,467,4,1
1036,467,24,1
1037,468,34,1
1038,468,19,1
1039,468,16,2
1040,468,31,1
1041,469,35,1
1042,470,34,2
1043,470,19,1
1044,470,18,1
1045,470,28,1
1046,471,9,1
1047,471,14,1
1048,472,33,1
1049,473,2,1
1050,474,17,1
1051,474,12,1
1052,474,5,1
1053,475,20,1
1054,475,16,1
1055,476,8,1
1056,476,21,1
1057,477,9,1
1058,477,31,1
1059,477,22,2
1060,478,30,1
1061,478,2,2
1062,478,16,1
1063,479,11,1
1064,479,24,3
1065,479,16,1
1066,479,34,2
1067,480,32,2
1068,480,12,1
1069,481,9,1
1070,481,30,1
1071,482,30,1
1072,482,5,1
1073,482,9,1
1074,483,6,1
1075,483,22,2
1076,484,23,1
1077,484,29,2
1078,484,2,1
1079,485,31,1
1080,486,20,1
1081,486,34,1
1082,486,13,1
1083,486,23,1
1084,487,4,1
1085,487,26,1
1086,488,29,2
1087,488,27,2
1088,488,35,1
1089,489,33,1
1090,489,5,2
1091,490,35,1
1092,490,28,2
1093,491,22,1
1094,491,1,2
1095,492,20,1
1096,492,31,1
1097,493,1,2
1098,493,19,2
1099,494,20,1
1100,494,23,1
1101,494,25,2
1102,495,20,1
1103,495,34,1
1104,496,5,1
1105,496,19,2
1106,496,31,1
1107,497,20,1
1108,497,14,1
1109,498,35,1
1110,498,15,1
1111,498,28,3
1112,499,12,1
1113,499,1,1
1114,499,28,1
1115,500,9,1
1116,500,22,1
1117,501,2,1
1118,501,31,2
1119,501,8,2
1120,501,19,1
1121,502,16,1
1122,503,9,3
1123,504,16,1
1124,505,33,1
1125,505,35,1
1126,506,20,2
1127,506,28,1
1128,506,17,2
1129,506,6,1
1130,507,23,2
1131,507,32,1
1132,507,28,3
1133,508,17,1
1134,509,2,1
1135,509,34,2
1136,510,30,1
1137,511,2,1
1138,511,11,1
1139,511,15,1
1140,512,4,1
1141,512,26,1
1142,513,27,1
1143,513,18,2
1144,513,7,1
1145,514,33,1
1146,515,27,2
1147,515,6,2
1148,515,16,1
1149,516,30,1
1150,516,13,1
1151,516,14,1
1152,517,5,1
1153,517,1,1
1154,518,27,1
1155,518,1,2
1156,519,15,1
1157,519,29,2
1158,519,16,1
1159,520,14,1
1160,520,26,1
1161,520,1,1
1162,521,6,1
1163,521,28,1
1164,521,23,1
1165,522,2,1
1166,522,7,1
1167,523,1,1
1168,523,31,2
1169,523,3,2
1170,523,4,1
1171,524,26,1
1172,524,32,1
1173,524,18,1
1174,524,10,2
1175,525,18,1
1176,525,28,2
1177,525,10,2
1178,526,5,1
1179,526,17,2
1180,526,24,1
1181,527,10,1
1182,528,13,2
1183,528,1,2
1184,528,35,1
1185,529,16,1
1186,530,5,1
1187,530,17,2
1188,531,9,1
1189,532,21,1
1190,533,12,1
1191,533,25,2
1192,533,32,1
1193,533,35,1
1194,534,8,1
1195,534,18,1
1196,534,35,2
1197,534,14,1
1198,535,22,1
1199,535,23,1
1200,536,2,1
1201,536,1,1
1202,536,29,1
1203,537,17,1
1204,537,34,1
1205,538,12,1
1206,538,14,1
1207,539,3,1
1208,539,4,1
1209,540,16,1
1210,540,13,1
1211,541,2,1
1212,541,25,2
1213,541,6,1
1214,542,21,1
1215,543,23,1
1216,543,17,1
1217,543,20,1
1218,544,20,1
1219,544,5,1
1220,545,31,1
1221,545,24,1
1222,545,20,1
1223,545,1,1
1224,546,9,1
1225,546,27,2
1226,546,18,3
1227,547,9,1
1228,547,20,1
1229,547,17,1
1230,548,26,1
1231,548,24,1
1232,548,31,2
1233,549,16,1
1234,550,25,2
1235,550,29,1
1236,551,15,1
1237,551,34,1
1238,551,35,1
1239,551,28,1
1240,552,31,1
1241,552,23,1
1242,552,17,1
1243,552,35,1
1244,553,16,1
1245,553,5,1
1246,553,25,1
1247,554,25,1
1248,554,10,1
1249,554,31,2
1250,555,33,2
1251,555,34,2
1252,556,15,1
1253,556,16,1
1254,557,20,1
1255,557,19,1
1256,558,10,1
1257,558,29,2
1258,558,13,2
1259,559,24,1
1260,559,19,1
1261,559,26,1
1262,560,28,1
1263,560,3,1
1264,561,30,2
1265,561,6,3
1266,561,29,1
1267,561,20,1
1268,562,1,1
1269,562,28,2
1270,562,6,1
1271,562,8,1
1272,563,23,1
1273,563,27,1
1274,563,14,1
1275,564,8,2
1276,564,30,2
1277,564,24,1
1278,564,1,1
1279,565,19,3
1280,565,10,1
1281,565,22,1
1282,565,12,1
1283,566,24,2
1284,566,26,2
1285,566,1,2
1286,567,14,1
1287,567,1,1
1288,567,34,1
1289,568,8,1
1290,568,7,1
1291,568,27,1
1292,568,15,1
1293,569,4,2
1294,570,29,3
1295,570,21,1
1296,571,35,1
1297,571,7,2
1298,571,21,3
1299,572,12,1
1300,572,15,2
1301,573,27,1
1302,573,9,1
1303,574,24,1
1304,574,33,2
1305,575,14,2
1306,575,35,1
1307,576,12,1
1308,576,15,1
1309,576,14,2
1310,577,21,1
1311,577,27,1
1312,577,20,1
1313,577,2,1
1314,578,7,1
1315,579,22,1
1316,579,21,1
1317,580,17,3
1318,580,30,2
1319,581,5,1
1320,582,11,2
1321,582,7,1
1322,582,35,1
1323,583,14,3
1324,583,17,1
1325,583,21,1
1326,584,30,1
1327,585,6,1
1328,585,4,1
1329,585,19,1
1330,586,4,1
1331,586,13,1
1332,586,34,1
1333,587,15,1
1334,587,13,1
1335,587,8,1
1336,588,15,1
1337,589,33,1
1338,589,19,2
1339,590,9,1
1340,591,26,1
1341,592,11,1
1342,592,33,1
1343,593,28,1
1344,594,12,1
1345,594,22,1
1346,594,23,1
1347,595,30,1
1348,595,12,1
1349,595,7,1
1350,596,12,1
1351,596,5,1
1352,596,4,1
1353,596,26,1
1354,597,17,1
1355,597,34,1
1356,598,35,2
1357,598,5,1
1358,599,32,2
1359,599,14,1
1360,600,22,1
1361,600,7,1
1362,600,35,2
1363,600,34,1
1364,601,10,1
1365,602,11,1
1366,602,7,3
1367,602,16,1
1368,603,33,1
1369,604,27,1
1370,604,5,1
1371,605,11,1
1372,605,5,1
1373,605,18,1
1374,605,14,1
1375,606,5,1
1376,606,22,2
1377,607,3,2
1378,607,15,1
1379,607,16,1
1380,608,7,1
1381,608,9,2
1382,608,10,1
1383,609,4,1
1384,609,18,2
1385,609,6,1
1386,610,6,1
1387,611,20,1
1388,611,32,1
1389,612,31,1
1390,612,17,2
1391,612,25,1
1392,612,18,2
1393,613,10,1
1394,613,9,1
1395,613,11,1
1396,613,18,1
1397,614,34,1
1398,614,13,1
1399,615,3,1
1400,615,24,1
1401,616,11,1
1402,616,21,2
1403,616,3,1
1404,617,7,1
1405,617,21,2
1406,617,11,3
1407,618,11,1
1408,618,30,1
1409,618,10,1
1410,618,31,1
1411,619,28,1
1412,619,11,1
1413,620,23,1
1414,621,22,2
1415,622,28,1
1416,622,17,1
1417,623,20,1
1418,623,5,1
1419,624,22,1
1420,624,13,1
1421,625,13,1
1422,625,22,2
1423,625,30,2
1424,626,17,1
1425,626,16,1
1426,627,21,2
1427,628,23,1
1428,629,4,2
1429,629,12,1
1430,630,18,1
1431,630,17,1
1432,630,34,2
1433,631,10,1
1434,631,16,1
1435,632,4,1
1436,633,28,1
1437,633,22,1
1438,634,13,1
1439,635,2,1
1440,635,33,1
1441,636,14,2
1442,636,29,1
1443,637,34,1
1444,637,20,1
1445,637,19,1
1446,638,23,1
1447,638,19,1
1448,639,1,1
1449,639,34,1
1450,639,14,2
1451,640,6,2
1452,640,16,2
1453,640,29,1
1454,640,23,1
1455,641,30,1
1456,642,5,1
1457,643,5,1
1458,643,21,1
1459,644,34,1
1460,644,10,2
1461,645,30,1
1462,645,21,2
1463,645,18,1
1464,646,14,1
1465,646,34,1
1466,647,11,1
1467,647,14,1
1468,647,9,1
1469,648,5,1
1470,648,27,1
1471,649,4,1
1472,649,13,1
1473,650,8,1
1474,650,7,2
1475,651,17,1
1476,651,2,1
1477,652,19,1
1478,653,12,1
1479,653,25,1
1480,654,23,1
1481,655,1,1
1482,655,23,1
1483,656,35,1
1484,656,21,1
1485,657,26,1
1486,657,5,1
1487,657,10,2
1488,658,34,1
1489,658,18,1
1490,659,25,1
1491,659,5,2
1492,659,18,1
1493,660,27,1
1494,660,6,3
1495,660,13,1
1496,661,33,1
1497,661,11,1
1498,662,14,1
1499,662,29,1
1500,663,33,1
1501,663,25,1
1502,664,23,1
1503,664,6,1
1504,664,29,1
1505,665,19,1
1506,666,14,1
1507,666,8,1
1508,666,2,1
1509,667,9,2
1510,667,15,1
1511,668,17,1
1512,668,32,1
1513,668,24,1
1514,669,26,1
1515,669,1,1
1516,669,8,1
1517,669,19,1
1518,670,10,2
1519,670,12,1
1520,671,35,2
1521,672,32,1
1522,673,6,2
1523,673,17,1
1524,673,4,1
1525,674,29,1
1526,674,10,1
1527,674,17,1
1528,674,31,1
1529,675,19,1
1530,675,1,1
1531,676,4,1
1532,676,14,1
1533,677,16,2
1534,677,24,1
1535,678,10,1
1536,678,21,1
1537,678,22,2
1538,679,9,1
1539,679,26,2
1540,680,5,1
1541,680,3,1
1542,680,15,1
1543,681,10,2
1544,681,5,1
1545,681,25,1
1546,682,16,1
1547,682,33,1
1548,682,14,1
1549,683,20,1
1550,684,28,1
1551,684,7,2
1552,684,21,2
1553,684,3,1
1554,685,13,1
1555,686,10,1
1556,687,17,2
1557,687,27,2
1558,687,11,1
1559,687,8,1
1560,688,30,1
1561,688,8,1
1562,688,29,1
1563,689,22,2
1564,689,3,1
1565,689,21,1
1566,690,1,1
1567,690,17,1
1568,691,32,1
1569,691,29,1
1570,691,19,1
1571,691,33,1
1572,692,9,1
1573,692,26,1
1574,693,19,1
1575,693,28,1
1576,693,4,1
1577,694,33,1
1578,694,29,1
1579,694,17,1
1580,694,20,1
1581,695,8,3
1582,695,26,1
1583,696,31,1
1584,696,4,1
1585,697,12,2
1586,698,28,1
1587,698,10,1
1588,699,27,2
1589,699,25,1
1590,699,23,1
1591,700,12,1
1592,701,22,1
1593,701,27,1
1594,702,28,1
1595,702,15,1
1596,702,22,1
1597,703,2,2
1598,703,24,1
1599,704,29,1
1600,705,10,1
1601,705,28,1
1602,706,20,1
1603,706,34,1
1604,707,34,1
1605,708,28,1
1606,708,32,1
1607,709,32,2
1608,709,33,2
1609,710,25,2
1610,710,20,1
1611,711,28,1
1612,711,11,1
1613,712,28,1
1614,712,1,2
1615,712,2,1
1616,713,25,2
1617,713,7,1
1618,714,10,1
1619,714,21,1
1620,714,22,1
1621,715,16,1
1622,716,12,1
1623,717,34,1
1624,717,3,1
1625,718,20,1
1626,719,35,1
1627,719,19,2
1628,719,4,1
1629,720,30,1
1630,720,21,1
1631,720,7,1
1632,721,9,1
1633,721,4,1
1634,721,3,1
1635,721,21,1
1636,722,6,1
1637,722,3,1
1638,723,7,1
1639,723,28,1
1640,723,25,2
1641,724,30,1
1642,725,29,1
1643,725,15,1
1644,725,8,2
1645,726,20,1
1646,727,21,1
1647,728,17,2
1648,728,2,1
1649,729,9,1
1650,729,20,1
1651,729,1,2
1652,730,6,1
1653,731,35,1
1654,731,12,1
1655,731,27,1
1656,732,17,2
1657,732,12,1
1658,732,29,1
1659,732,2,1
1660,733,17,1
1661,733,15,1
1662,733,20,1
1663,733,33,2
1664,734,35,2
1665,734,32,1
1666,734,28,1
1667,735,1,1
1668,735,28,1
1669,735,8,1
1670,735,6,1
1671,736,3,1
1672,736,18,1
1673,737,21,1
1674,738,2,1
1675,738,21,1
1676,739,31,2
1677,739,30,1
1678,740,34,1
1679,740,30,1
1680,741,5,1
1681,741,34,1
1682,741,12,1
1683,742,31,2
1684,742,27,1
1685,742,13,1
1686,743,8,1
1687,743,11,1
1688,743,32,1
1689,743,25,1
1690,744,21,1
1691,744,17,1
1692,744,14,2
1693,745,27,1
1694,745,20,1
1695,746,6,2
1696,746,26,1
1697,747,11,2
1698,747,35,1
1699,747,10,1
1700,747,32,1
1701,748,19,1
1702,749,21,1
1703,749,32,1
1704,749,26,1
1705,749,2,1
1706,750,26,1
1707,750,34,1
1708,751,21,1
1709,751,7,1
1710,752,35,2
1711,752,31,1
1712,753,3,1
1713,753,14,1
1714,753,4,1
1715,753,2,1
1716,754,22,1
1717,755,23,1
1718,755,6,1
1719,755,9,1
1720,756,31,2
1721,756,12,1
1722,756,16,1
1723,756,6,3
1724,757,15,1
1725,758,4,1
1726,758,8,2
1727,758,18,1
1728,758,16,1
1729,759,15,1
1730,759,24,2
1731,759,1,2
1732,760,29,1
1733,760,16,1
1734,761,24,1
1735,761,35,1
1736,762,35,1
1737,762,17,2
1738,762,8,1
1739,762,4,1
1740,763,35,2
1741,764,29,1
1742,764,28,1
1743,765,12,1
1744,765,33,1
1745,765,23,1
1746,766,26,1
1747,766,4,1
1748,767,5,1
1749,768,12,2
1750,769,14,1
1751,769,34,2
1752,769,5,3
1753,770,29,2
1754,770,22,1
1755,770,16,1
1756,770,6,1
1757,771,11,1
1758,771,24,1
1759,771,2,1
1760,772,5,1
1761,773,28,1
1762,774,24,1
1763,775,11,2
1764,775,23,1
1765,776,23,1
1766,776,34,1
1767,777,30,1
1768,778,6,1
1769,778,32,1
1770,778,8,1
1771,779,30,1
1772,780,33,1
1773,781,1,1
1774,781,33,1
1775,781,32,1
1776,782,32,1
1777,782,3,1
1778,783,4,1
1779,784,27,1
1780,784,13,1
1781,784,26,2
1782,785,27,1
1783,785,16,1
1784,786,28,1
1785,786,17,1
1786,787,31,1
1787,787,33,1
1788,788,32,2
1789,788,15,1
1790,789,19,2
1791,789,12,1
1792,790,12,1
1793,790,22,1
1794,790,35,1
1795,791,3,1
1796,791,22,1
1797,791,21,1
1798,791,27,1
1799,792,27,2
1800,792,34,1
1801,793,31,2
1802,793,34,1
1803,794,15,1
1804,794,6,1
1805,795,17,1
1806,795,1,1
1807,796,12,1
1808,796,1,1
1809,796,26,1
1810,796,11,1
1811,797,20,1
1812,797,23,2
1813,797,18,1
1814,798,12,1
1815,798,4,1
1816,798,10,1
1817,799,35,1
1818,800,24,1
1819,801,33,1
1820,802,18,1
1821,802,17,1
1822,803,11,1
1823,803,20,1
1824,803,14,2
1825,804,11,1
1826,804,1,1
1827,805,28,1
1828,805,4,1
1829,805,13,2
1830,806,3,1
1831,806,33,1
1832,806,5,2
1833,807,18,1
1834,808,19,2
1835,808,13,1
1836,809,15,1
1837,810,30,1
1838,810,3,1
1839,811,32,1
1840,812,28,1
1841,812,29,1
1842,812,20,1
1843,813,25,2
1844,813,23,1
1845,813,22,1
1846,814,31,1
1847,814,7,1
1848,814,34,1
1849,815,22,1
1850,815,29,1
1851,816,15,2
1852,816,4,1
1853,817,11,2
1854,817,31,1
1855,818,9,3
1856,818,31,1
1857,818,24,1
1858,819,13,1
1859,819,12,1
1860,820,14,1
1861,820,12,2
1862,821,12,1
1863,822,11,2
1864,822,22,1
1865,822,31,1
1866,823,1,1
1867,823,18,1
1868,824,5,2
1869,824,23,2
1870,825,14,1
1871,825,13,2
1872,825,6,1
1873,826,19,1
1874,826,30,1
1875,827,7,1
1876,827,3,1
1877,827,32,2
1878,827,21,1
1879,828,13,1
1880,829,27,1
1881,829,32,1
1882,830,3,2
1883,830,7,1
1884,831,7,2
1885,832,26,1
1886,832,13,1
1887,833,9,1
1888,833,4,1
1889,833,8,1
1890,834,6,2
1891,834,14,1
1892,834,13,1
1893,834,27,1
1894,835,33,1
1895,835,5,1
1896,835,10,1
1897,836,8,1
1898,837,34,1
1899,837,32,1
1900,837,24,1
1901,837,27,1
1902,838,14,1
1903,838,4,1
1904,838,15,2
1905,838,24,1
1906,839,33,1
1907,839,15,1
1908,839,24,1
1909,840,11,1
1910,840,10,2
1911,840,2,1
1912,841,24,1
1913,841,16,1
1914,841,30,1
1915,842,20,1
1916,843,19,1
1917,843,16,1
1918,843,11,1
1919,844,30,1
1920,845,25,1
1921,845,24,1
1922,845,16,1
1923,846,8,1
1924,846,28,1
1925,846,2,1
1926,847,11,1
1927,847,27,1
1928,848,27,1
1929,848,6,1
1930,849,12,1
1931,849,29,1
1932,850,29,2
1933,850,30,2
1934,850,24,1
1935,851,8,2
1936,851,29,1
1937,852,25,1
1938,852,33,1
1939,853,12,1
1940,853,10,1
1941,854,10,3
1942,854,34,1
1943,855,17,1
1944,855,2,1
1945,855,7,1
1946,856,5,2
1947,856,8,1
1948,856,32,1
1949,856,1,1
1950,857,26,1
1951,857,14,1
1952,857,5,2
1953,857,13,1
1954,858,34,1
1955,858,35,2
1956,858,10,2
1957,859,9,1
1958,859,13,1
1959,860,5,1
1960,860,9,1
1961,861,12,1
1962,861,20,2
1963,862,26,2
1964,862,4,2
1965,863,5,1
1966,863,24,1
1967,864,12,1
1968,864,17,1
1969,865,34,3
1970,865,26,1
1971,865,21,1
1972,866,17,2
1973,866,16,1
1974,866,22,1
1975,867,29,2
1976,867,34,1
1977,867,15,1
1978,868,34,1
1979,868,28,2
1980,869,9,2
1981,870,21,1
1982,870,28,1
1983,871,8,1
1984,872,30,1
1985,873,21,1
1986,874,8,1
1987,874,20,1
1988,875,31,1
1989,875,11,2
1990,876,9,1
1991,876,24,2
1992,876,30,1
1993,877,27,2
1994,877,2,2
1995,878,25,1
1996,878,5,1
1997,878,3,1
1998,879,12,1
1999,879,22,1
2000,880,29,3
2001,881,14,1
2002,881,20,1
2003,881,25,1
2004,882,1,1
2005,882,28,1
2006,883,23,2
2007,884,14,1
2008,884,7,3
2009,884,32,2
2010,884,24,1
2011,885,15,1
2012,886,17,1
2013,886,16,1
2014,886,14,1
2015,887,32,1
2016,888,27,1
2017,888,16,1
2018,888,30,1
2019,889,14,1
2020,889,7,1
2021,889,34,1
2022,890,28,1
2023,890,21,2
2024,890,8,1
2025,890,14,2
2026,891,25,2
2027,892,30,1
2028,892,23,1
2029,893,10,1
2030,893,27,1
2031,894,4,1
2032,894,12,1
2033,894,9,2
2034,895,7,1
2035,896,30,1
2036,896,9,1
2037,896,13,1
2038,897,28,1
2039,897,4,2
2040,897,23,1
2041,898,19,1
2042,899,12,1
2043,899,23,1
2044,899,8,1
2045,899,24,2
2046,900,24,2
2047,900,20,1
2048,901,16,1
2049,901,10,1
2050,902,12,1
2051,902,26,3
2052,903,4,1
2053,903,21,1
2054,903,13,1
2055,904,21,1
2056,904,35,1
2057,904,22,1
2058,905,13,2
2059,906,6,2
2060,906,15,1
2061,906,19,1
2062,906,4,1
2063,907,29,1
2064,907,19,1
2065,907,12,1
2066,908,1,1
2067,909,25,1
2068,909,30,1
2069,909,35,2
2070,910,28,2
2071,910,1,1
2072,910,34,1
2073,910,17,2
2074,911,20,2
2075,911,2,1
2076,912,7,3
2077,913,1,3
2078,914,30,1
2079,914,24,1
2080,914,4,1
2081,915,15,1
2082,915,30,1
2083,915,33,1
2084,916,16,1
2085,917,2,1
2086,917,34,1
2087,918,22,1
2088,919,28,1
2089,919,13,2
2090,919,31,2
2091,919,8,1
2092,920,17,2
2093,921,24,1
2094,921,25,1
2095,922,14,1
2096,922,5,1
2097,923,14,2
2098,923,8,1
2099,923,28,1
2100,923,1,1
2101,924,25,1
2102,924,27,2
2103,924,26,1
2104,925,8,1
2105,925,30,1
2106,926,27,1
2107,926,3,1
2108,927,9,1
2109,927,11,1
2110,927,1,1
2111,928,11,1
2112,928,26,2
2113,929,5,1
2114,929,7,1
2115,929,32,1
2116,930,20,1
2117,930,13,2
2118,931,32,1
2119,931,20,1
2120,931,5,1
2121,932,35,2
2122,933,30,1
2123,933,6,1
2124,934,33,2
2125,934,23,2
2126,935,2,1
2127,935,26,1
2128,936,8,1
2129,937,26,2
2130,938,14,1
2131,938,21,1
2132,939,26,1
2133,939,35,1
2134,940,33,1
2135,940,23,1
2136,941,35,2
2137,941,15,1
2138,942,11,1
2139,942,21,1
2140,943,10,1
2141,944,34,1
2142,945,8,1
2143,946,6,2
2144,946,3,1
2145,946,32,1
2146,947,18,1
2147,947,21,1
2148,948,29,1
2149,949,3,1
2150,949,24,1
2151,950,35,1
2152,950,34,1
2153,950,30,1
2154,950,5,1
2155,951,22,1
2156,951,30,1
2157,951,35,1
2158,952,9,2
2159,952,32,1
2160,953,2,1
2161,953,30,1
2162,954,24,1
2163,954,35,3
2164,955,6,1
2165,955,12,1
2166,956,1,1
2167,956,8,1
2168,957,14,3
2169,957,28,1
2170,958,27,1
2171,958,5,2
2172,958,3,1
2173,958,10,1
2174,959,15,1
2175,959,16,1
2176,960,7,2
2177,960,23,1
2178,960,24,1
2179,961,22,2
2180,962,12,1
2181,962,11,1
2182,962,32,1
2183,963,23,1
2184,963,7,1
2185,963,24,1
2186,963,32,1
2187,964,17,1
2188,964,28,1
2189,964,12,1
2190,965,28,2
2191,965,8,2
2192,966,15,1
2193,966,23,1
2194,966,20,1
2195,967,20,2
2196,967,33,1
2197,968,35,1
2198,968,22,1
2199,968,11,1
2200,969,27,1
2201,969,9,1
2202,969,13,1
2203,970,20,1
2204,971,9,1
2205,972,31,1
2206,972,30,1
2207,973,28,1
2208,973,3,1
2209,974,5,1
2210,974,27,3
2211,975,4,2
2212,975,26,1
2213,975,17,1
2214,975,20,1
2215,976,4,2
2216,976,19,1
2217,976,6,1
2218,977,26,1
2219,977,21,1
2220,977,1,1
2221,978,29,1
2222,978,25,1
2223,978,31,2
2224,979,25,1
2225,979,32,1
2226,980,25,1
2227,980,4,1
2228,981,20,1
2229,981,7,1
2230,982,21,1
2231,982,3,1
2232,983,25,1
2233,983,19,1
2234,984,8,1
2235,984,6,1
2236,985,13,1
2237,985,8,1
2238,985,2,1
2239,986,27,1
2240,987,9,1
2241,987,30,1
2242,988,28,1
2243,988,18,2
2244,988,30,1
2245,989,16,1
2246,989,14,1
2247,990,8,1
2248,990,16,1
2249,991,20,1
2250,991,27,2
2251,991,24,1
2252,991,32,1
2253,992,6,2
2254,992,24,1
2255,992,10,2
2256,993,12,1
2257,993,3,3
2258,993,14,1
2259,994,32,1
2260,994,22,1
2261,995,7,1
2262,995,25,1
2263,995,35,2
2264,995,12,1
2265,996,26,1
2266,996,15,1
2267,997,15,1
2268,998,28,3
2269,998,2,1
2270,998,30,1
2271,999,20,2
2272,999,3,1
2273,1000,8,1
