vehicle_id,registration_number,vehicle_type
1,KDM 123 GP,Van
2,LPR 456 GP,Truck
3,MNS 789 GP,Motorcycle
4,NQT 321 GP,Van
5,PVR 654 GP,Motorcycle
6,AAG 322 GP,Van
7,AAH 359 GP,Truck
8,AAI 396 GP,Panel Van
9,AAJ 433 GP,Motorcycle
10,AAK 470 GP,Motorcycle
11,AAL 507 GP,Van
12,AAM 544 GP,Motorcycle
13,AAN 581 GP,Van
14,AAO 618 GP,Truck
15,AAP 655 GP,Truck
16,AAQ 692 GP,Panel Van
17,AAR 729 GP,Motorcycle
18,AAS 766 GP,Van
19,AAT 803 GP,Van
20,AAU 840 GP,Panel Van
21,AAV 877 GP,Van
22,AAW 914 GP,Refrigerated Truck
23,AAX 951 GP,Refrigerated Truck
24,AAY 988 GP,Refrigerated Truck
