order_id,customer_id,order_date,status,total_amount
1,1,2026-09-01,delivered,12500.00
2,2,2026-09-02,delivered,350.00
3,3,2026-09-03,in transit,2200.00
4,4,2026-09-04,processing,4500.00
5,5,2026-09-05,delivered,750.00
6,6,2026-09-06,in transit,2800.00
7,7,2026-09-07,processing,650.00
8,8,2026-09-08,delivered,3500.00
9,9,2026-09-09,delivered,80.00
10,10,2026-09-10,in transit,250.00
11,83,2026-03-02,Delivered,238.00
12,51,2026-03-23,Delivered,4649.00
13,120,2025-12-14,Delivered,4747.00
14,123,2026-08-10,Delivered,1979.00
15,223,2026-03-21,Delivered,4665.00
16,63,2026-03-30,Delivered,4299.00
17,208,2026-08-24,Delivered,5097.00
18,102,2026-02-02,Delivered,1516.00
19,22,2026-08-04,Delivered,9694.00
20,113,2026-02-18,Delivered,7579.00
21,185,2026-04-05,Cancelled,1268.00
22,18,2026-08-28,Delivered,2347.00
23,9,2025-10-10,Delivered,329.00
24,7,2026-09-03,In Transit,5849.00
25,133,2025-10-29,Delivered,728.00
26,201,2026-04-04,Delivered,878.00
27,182,2025-12-10,Delivered,2450.00
28,137,2025-12-03,Delivered,2738.00
29,185,2026-03-17,Delivered,4445.00
30,94,2026-01-09,In Transit,5399.00
31,56,2026-04-06,Delivered,3848.00
32,248,2026-09-29,Delivered,4197.00
33,51,2026-07-07,Delivered,409.00
34,211,2025-12-13,In Transit,798.00
35,108,2026-08-12,Delivered,2049.00
36,189,2026-02-25,Delivered,2800.00
37,192,2026-05-01,Delivered,20199.00
38,132,2026-05-18,Delivered,399.00
39,235,2026-02-02,Delivered,2767.00
40,198,2025-12-25,Delivered,21997.00
41,219,2025-10-25,Delivered,1299.00
42,121,2026-07-12,Delivered,1798.00
43,242,2026-01-18,Delivered,1199.00
44,244,2026-01-04,Delivered,1485.00
45,222,2026-02-07,Delivered,30499.00
46,132,2026-06-10,Delivered,5665.00
47,145,2026-03-30,Delivered,5918.00
48,243,2026-02-22,Delivered,298.00
49,151,2026-09-21,Delivered,12096.00
50,220,2026-03-19,Delivered,3698.00
51,233,2026-07-23,Delivered,1148.00
52,164,2026-02-04,Delivered,9887.00
53,93,2025-11-18,Delivered,3498.00
54,64,2026-09-26,Processing,9999.00
55,197,2025-12-12,Delivered,1197.00
56,16,2026-09-11,Delivered,4299.00
57,171,2026-07-14,Delivered,12949.00
58,23,2025-11-24,Delivered,7008.00
59,43,2026-08-26,Delivered,1998.00
60,149,2026-05-13,Delivered,10597.00
61,41,2026-07-23,Delivered,3897.00
62,187,2026-03-13,Delivered,1799.00
63,35,2025-10-01,Delivered,80.00
64,191,2026-03-17,Delivered,650.00
65,226,2025-10-01,In Transit,579.00
66,160,2025-11-14,Delivered,2947.00
67,36,2026-04-13,Delivered,4549.00
68,190,2026-03-25,Delivered,1698.00
69,172,2025-11-06,Delivered,6945.00
70,67,2026-03-12,Delivered,9347.00
71,21,2025-12-28,Delivered,1168.00
72,9,2025-12-13,Delivered,688.00
73,188,2026-07-29,Delivered,2800.00
74,134,2026-02-02,Delivered,7899.00
75,21,2026-03-01,Delivered,1549.00
76,103,2026-09-19,Delivered,26596.00
77,214,2026-01-09,Delivered,6499.00
78,244,2026-07-26,Delivered,399.00
79,143,2025-10-22,In Transit,2927.00
80,187,2025-10-14,Delivered,8598.00
81,179,2026-09-10,Delivered,3249.00
82,102,2025-10-25,Delivered,4299.00
83,218,2025-12-10,Delivered,2059.00
84,65,2026-02-12,Delivered,3446.00
85,219,2026-01-15,Delivered,1300.00
86,216,2025-10-04,Delivered,1998.00
87,61,2026-09-07,Delivered,5037.00
88,79,2025-12-02,Delivered,627.00
89,221,2026-02-19,Delivered,179.00
90,19,2026-07-07,Delivered,15697.00
91,208,2026-07-18,Delivered,3697.00
92,152,2025-12-11,Delivered,5699.00
93,206,2026-06-17,Delivered,3048.00
94,68,2026-07-21,Delivered,8395.00
95,120,2026-08-09,Delivered,5898.00
96,118,2025-10-20,Delivered,8047.00
97,54,2026-07-19,Delivered,2048.00
98,248,2025-12-30,Delivered,149.00
99,201,2026-07-30,Delivered,3500.00
100,138,2026-02-24,Delivered,17998.00
101,1,2026-03-12,Delivered,888.00
102,226,2026-01-26,In Transit,5545.00
103,30,2026-03-18,Delivered,1198.00
104,35,2026-08-02,Delivered,1899.00
105,26,2025-11-02,Delivered,4775.00
106,191,2026-04-15,Cancelled,3876.00
107,16,2025-12-20,Delivered,14700.00
108,125,2025-12-15,In Transit,599.00
109,228,2026-07-11,Delivered,398.00
110,171,2026-05-21,Delivered,14196.00
111,155,2025-12-24,Delivered,998.00
112,16,2026-03-31,Delivered,249.00
113,10,2026-06-17,Delivered,9898.00
114,238,2026-02-27,Delivered,2848.00
115,44,2026-02-15,Delivered,1697.00
116,168,2025-10-26,Delivered,5399.00
117,100,2026-01-01,Delivered,3598.00
118,147,2026-04-08,Delivered,7195.00
119,229,2025-11-26,Delivered,6998.00
120,118,2026-01-30,Delivered,1449.00
121,115,2026-02-19,Delivered,19499.00
122,41,2025-12-17,Delivered,1050.00
123,85,2026-07-03,Delivered,2448.00
124,125,2025-11-13,Delivered,650.00
125,186,2025-11-15,Delivered,1100.00
126,57,2026-04-08,Delivered,3199.00
127,51,2026-07-26,Delivered,249.00
128,183,2026-09-17,Delivered,229.00
129,243,2025-12-25,Delivered,5499.00
130,47,2026-03-18,Delivered,2099.00
131,195,2026-03-06,Delivered,750.00
132,193,2026-09-10,Delivered,2197.00
133,7,2026-06-28,Delivered,6678.00
134,41,2026-08-25,Delivered,5299.00
135,209,2026-06-23,Delivered,13688.00
136,210,2026-07-01,Delivered,15149.00
137,227,2025-10-04,Delivered,5065.00
138,1,2026-05-03,Delivered,2800.00
139,200,2026-04-16,Delivered,249.00
140,126,2025-12-16,Delivered,149.00
141,84,2026-02-01,Delivered,1899.00
142,159,2026-05-12,Delivered,13576.00
143,183,2025-11-04,Delivered,7000.00
144,2,2026-02-05,In Transit,6579.00
145,222,2026-04-18,Delivered,3598.00
146,31,2026-09-15,Delivered,5998.00
147,185,2026-04-07,Delivered,8846.00
148,193,2026-02-22,Delivered,9088.00
149,138,2026-02-24,Delivered,3277.00
150,135,2026-06-13,Cancelled,7247.00
151,159,2025-11-07,Delivered,3148.00
152,60,2025-10-18,Cancelled,5468.00
153,126,2026-04-25,Delivered,5250.00
154,222,2026-04-18,Delivered,13298.00
155,145,2026-09-13,In Transit,6350.00
156,175,2025-12-08,Delivered,7319.00
157,150,2026-06-09,Delivered,1798.00
158,7,2026-01-10,Delivered,12196.00
159,212,2025-11-15,Delivered,2728.00
160,155,2026-03-20,Delivered,8576.00
161,127,2026-02-03,Delivered,3598.00
162,58,2025-11-08,Delivered,3096.00
163,123,2026-05-14,Delivered,13677.00
164,123,2026-02-20,Delivered,5697.00
165,29,2026-07-13,Delivered,8748.00
166,139,2026-08-15,Delivered,2249.00
167,179,2026-02-28,Delivered,2348.00
168,182,2026-06-21,Delivered,10036.00
169,190,2025-12-18,In Transit,1258.00
170,125,2026-04-12,Delivered,399.00
171,121,2026-05-13,Delivered,3829.00
172,231,2025-10-24,Delivered,13649.00
173,129,2025-10-04,In Transit,4150.00
174,114,2026-02-03,Delivered,6948.00
175,112,2026-02-19,Delivered,10016.00
176,15,2026-07-28,Cancelled,9598.00
177,91,2026-02-22,Delivered,5197.00
178,226,2026-05-05,Delivered,89.00
179,110,2026-04-13,Delivered,837.00
180,167,2025-11-20,Delivered,479.00
181,32,2026-01-17,Delivered,1418.00
182,117,2026-05-01,Delivered,3399.00
183,76,2026-09-29,Delivered,2496.00
184,238,2026-09-25,Processing,6049.00
185,118,2026-04-12,Delivered,7178.00
186,12,2025-12-14,Delivered,6398.00
187,184,2026-01-29,Delivered,28679.00
188,111,2026-02-07,Delivered,4799.00
189,173,2026-03-21,Delivered,12785.00
190,87,2025-12-03,Delivered,1750.00
191,129,2026-01-28,Delivered,4398.00
192,234,2026-08-31,Delivered,7328.00
193,220,2026-05-09,Delivered,2048.00
194,191,2026-08-28,Delivered,488.00
195,111,2026-07-13,Delivered,10499.00
196,245,2025-11-22,Delivered,10198.00
197,9,2026-09-18,Processing,1487.00
198,152,2026-04-09,Delivered,26998.00
199,217,2026-04-08,Delivered,12589.00
200,243,2026-08-31,Delivered,2449.00
201,39,2026-08-17,Processing,7399.00
202,51,2026-01-18,Delivered,89.00
203,35,2026-07-06,Delivered,11256.00
204,200,2026-09-25,Processing,7148.00
205,108,2026-09-20,Delivered,17049.00
206,54,2025-10-13,Delivered,1026.00
207,81,2026-04-10,Delivered,17119.00
208,231,2026-03-05,Delivered,7000.00
209,209,2026-07-12,Delivered,9299.00
210,32,2026-07-07,Delivered,399.00
211,76,2026-07-01,Delivered,15897.00
212,57,2026-02-23,Delivered,1649.00
213,37,2026-05-03,Delivered,119.00
214,88,2025-12-05,Delivered,4459.00
215,214,2026-08-20,Delivered,549.00
216,21,2026-07-14,Delivered,5049.00
217,73,2025-10-09,Delivered,3598.00
218,132,2026-01-01,Delivered,4500.00
219,161,2026-04-28,Delivered,9249.00
220,135,2025-10-20,Delivered,499.00
221,246,2026-06-03,Delivered,16646.00
222,79,2026-02-20,Delivered,6598.00
223,18,2026-08-16,Delivered,1497.00
224,75,2025-10-27,Delivered,4379.00
225,213,2025-11-25,Delivered,13638.00
226,162,2026-03-18,Delivered,329.00
227,200,2026-06-26,Delivered,9328.00
228,64,2026-05-12,Delivered,4896.00
229,135,2026-02-23,Delivered,449.00
230,13,2026-04-20,Delivered,958.00
231,71,2026-04-14,Delivered,488.00
232,115,2026-08-29,Delivered,8497.00
233,35,2026-02-14,Delivered,4500.00
234,233,2026-05-13,Delivered,249.00
235,182,2026-09-15,Delivered,4500.00
236,123,2026-08-27,Delivered,3598.00
237,98,2026-04-10,Delivered,350.00
238,52,2025-11-17,Delivered,7197.00
239,26,2026-05-23,Delivered,699.00
240,154,2026-08-08,Delivered,5600.00
241,166,2026-06-09,Delivered,6845.00
242,122,2026-08-08,Delivered,4396.00
243,148,2026-01-13,Delivered,4679.00
244,87,2026-01-11,Delivered,2198.00
245,116,2025-10-19,Delivered,518.00
246,238,2026-04-08,Delivered,3697.00
247,199,2026-06-22,Delivered,10246.00
248,231,2025-11-27,Delivered,5689.00
249,112,2026-07-22,Delivered,1567.00
250,248,2025-12-02,Delivered,2617.00
251,225,2026-03-01,Delivered,6499.00
252,193,2026-04-09,Delivered,5746.00
253,12,2026-02-03,Delivered,1199.00
254,5,2026-08-19,Delivered,609.00
255,50,2026-04-22,Delivered,13058.00
256,63,2025-12-25,Delivered,1738.00
257,209,2025-12-06,Delivered,4297.00
258,13,2026-08-17,Delivered,13798.00
259,248,2026-09-20,Delivered,6297.00
260,97,2025-10-07,Delivered,2749.00
261,55,2026-07-31,Delivered,957.00
262,133,2025-12-11,Delivered,1298.00
263,47,2026-03-28,Delivered,9598.00
264,169,2026-05-06,Delivered,7868.00
265,193,2025-12-29,Delivered,1799.00
266,223,2025-12-24,Delivered,2198.00
267,191,2026-01-25,Delivered,727.00
268,73,2026-01-25,Delivered,5749.00
269,199,2026-01-31,Delivered,2228.00
270,233,2026-04-25,Delivered,4497.00
271,9,2025-10-05,Delivered,4829.00
272,148,2025-11-02,Delivered,12015.00
273,105,2026-02-22,Delivered,7377.00
274,28,2026-03-12,Delivered,10297.00
275,214,2026-05-10,Delivered,12897.00
276,209,2025-11-22,Delivered,2200.00
277,24,2026-07-31,Delivered,1798.00
278,220,2026-06-18,Delivered,4650.00
279,219,2026-07-21,Delivered,4225.00
280,46,2025-11-09,Delivered,1988.00
281,224,2026-09-27,Processing,650.00
282,86,2026-03-01,Delivered,5399.00
283,115,2026-01-18,Delivered,5148.00
284,234,2025-12-13,Delivered,10298.00
285,105,2025-10-12,Delivered,1057.00
286,48,2025-12-23,Cancelled,6048.00
287,248,2026-08-08,Delivered,7199.00
288,247,2026-08-30,Delivered,549.00
289,4,2026-06-05,Delivered,5986.00
290,18,2025-10-18,Delivered,699.00
291,168,2026-03-16,Delivered,358.00
292,148,2026-09-07,In Transit,1000.00
293,132,2025-12-06,Delivered,13599.00
294,110,2026-04-29,Delivered,7099.00
295,165,2025-10-29,Delivered,12589.00
296,166,2025-10-11,Delivered,1577.00
297,131,2025-12-16,Delivered,19646.00
298,196,2026-08-20,Delivered,4299.00
299,84,2026-02-01,Processing,7083.00
300,102,2025-12-29,Delivered,10237.00
301,51,2026-06-23,Delivered,4299.00
302,17,2026-02-20,Delivered,7999.00
303,1,2025-12-24,Delivered,929.00
304,218,2026-07-27,Delivered,4097.00
305,42,2026-04-14,Delivered,5949.00
306,177,2026-04-02,Delivered,16377.00
307,2,2026-08-24,Delivered,8598.00
308,158,2025-12-06,Delivered,4548.00
309,70,2026-06-26,Delivered,1899.00
310,60,2026-05-01,Delivered,1617.00
311,57,2026-01-17,Delivered,2217.00
312,222,2026-03-12,Delivered,4388.00
313,53,2026-01-05,Delivered,5676.00
314,152,2025-10-08,Delivered,687.00
315,155,2026-07-31,Delivered,12997.00
316,173,2025-10-04,Delivered,15197.00
317,207,2026-01-08,Delivered,6396.00
318,173,2026-05-30,Delivered,119.00
319,22,2026-03-18,Cancelled,3150.00
320,190,2025-10-03,Delivered,5749.00
321,17,2026-09-25,In Transit,750.00
322,155,2026-06-14,Cancelled,15897.00
323,7,2025-12-02,Delivered,1298.00
324,43,2026-02-14,Delivered,399.00
325,52,2026-04-13,Delivered,5999.00
326,83,2026-06-18,Delivered,4114.00
327,58,2025-10-13,Delivered,9698.00
328,149,2026-03-23,Delivered,10378.00
329,171,2025-12-04,Delivered,2057.00
330,201,2026-06-24,Delivered,4648.00
331,226,2026-05-12,Delivered,3299.00
332,53,2026-03-28,Delivered,7447.00
333,208,2026-09-04,Delivered,7885.00
334,4,2026-02-06,Delivered,1649.00
335,226,2026-09-16,Delivered,7398.00
336,235,2026-09-27,In Transit,579.00
337,56,2026-01-23,Delivered,8465.00
338,42,2026-05-22,Delivered,3798.00
339,44,2026-01-04,Delivered,2499.00
340,214,2026-03-20,Delivered,2550.00
341,1,2026-06-09,Delivered,799.00
342,181,2026-02-15,Delivered,8846.00
343,92,2025-10-06,Cancelled,12965.00
344,217,2026-09-27,Processing,4418.00
345,117,2026-01-11,Delivered,549.00
346,162,2026-03-09,Delivered,89.00
347,60,2025-11-08,Delivered,2149.00
348,16,2026-07-14,Delivered,2898.00
349,24,2025-10-16,Delivered,7000.00
350,120,2025-12-19,Delivered,6966.00
351,101,2025-10-06,Processing,849.00
352,194,2026-05-16,Delivered,7298.00
353,65,2026-03-04,Delivered,899.00
354,77,2026-03-09,Delivered,4800.00
355,244,2026-07-25,Delivered,4545.00
356,144,2026-03-01,Delivered,2047.00
357,93,2026-03-16,Delivered,14299.00
358,129,2026-09-17,Delivered,3065.00
359,179,2026-06-10,Delivered,329.00
360,186,2025-11-01,Delivered,12839.00
361,179,2026-03-11,Cancelled,4699.00
362,94,2026-05-26,Delivered,2198.00
363,59,2025-12-19,Delivered,6879.00
364,172,2026-03-10,Delivered,5898.00
365,223,2026-07-01,Delivered,1047.00
366,147,2026-09-11,Delivered,240.00
367,32,2025-12-03,Delivered,488.00
368,37,2025-10-15,In Transit,5623.00
369,29,2026-03-30,Delivered,1198.00
370,83,2026-03-05,Delivered,4569.00
371,222,2026-04-07,Delivered,548.00
372,140,2025-10-20,Delivered,4298.00
373,23,2026-03-07,Delivered,6198.00
374,212,2026-03-24,Delivered,1348.00
375,248,2026-02-27,Delivered,1899.00
376,211,2026-09-13,Delivered,1099.00
377,196,2026-09-18,Delivered,10148.00
378,153,2025-11-05,Delivered,13147.00
379,211,2025-11-21,Delivered,7017.00
380,100,2026-06-05,Delivered,8699.00
381,118,2026-01-12,Delivered,5847.00
382,139,2026-06-01,Delivered,2676.00
383,221,2025-10-02,Delivered,787.00
384,183,2026-07-10,Delivered,29589.00
385,162,2026-02-04,Delivered,17646.00
386,78,2026-08-14,Delivered,9587.00
387,4,2026-02-08,Delivered,10098.00
388,20,2025-11-21,Delivered,13996.00
389,156,2026-05-05,Delivered,17399.00
390,153,2026-01-23,Delivered,2948.00
391,63,2026-01-24,Delivered,8697.00
392,94,2026-01-23,In Transit,250.00
393,225,2026-04-23,In Transit,9328.00
394,171,2025-11-20,Delivered,1958.00
395,5,2026-08-23,Delivered,16000.00
396,70,2025-10-19,Delivered,268.00
397,239,2026-09-28,Cancelled,16000.00
398,6,2026-06-18,Delivered,568.00
399,137,2026-03-04,Delivered,12087.00
400,82,2026-04-29,Cancelled,3076.00
401,126,2026-02-05,Delivered,528.00
402,38,2026-05-02,Delivered,8499.00
403,80,2025-10-23,Delivered,328.00
404,34,2025-12-03,Delivered,8576.00
405,161,2025-10-26,Delivered,369.00
406,209,2026-07-01,Delivered,4748.00
407,242,2026-03-08,Delivered,1348.00
408,123,2026-04-06,Delivered,13447.00
409,175,2025-11-26,Delivered,179.00
410,5,2025-10-18,Delivered,2147.00
411,205,2025-12-22,Delivered,658.00
412,167,2026-09-15,Delivered,2348.00
413,157,2026-01-05,Delivered,3997.00
414,204,2026-05-22,Delivered,12500.00
415,180,2026-06-12,Delivered,1748.00
416,192,2025-10-23,Delivered,10596.00
417,67,2026-05-02,Delivered,2886.00
418,35,2026-04-17,Delivered,1367.00
419,38,2026-09-19,Delivered,2198.00
420,47,2026-06-15,Delivered,2557.00
421,63,2026-06-28,Delivered,449.00
422,4,2026-09-18,Delivered,1017.00
423,222,2026-02-12,Delivered,13299.00
424,38,2026-06-18,Delivered,2598.00
425,20,2026-08-03,Delivered,12899.00
426,93,2025-11-25,Delivered,1899.00
427,239,2026-01-11,Delivered,3349.00
428,75,2026-06-03,Delivered,8699.00
429,123,2025-10-28,Delivered,488.00
430,1,2026-01-22,Delivered,599.00
431,120,2025-10-06,Delivered,9696.00
432,142,2026-07-27,Delivered,1527.00
433,18,2026-08-06,Delivered,6399.00
434,57,2026-05-09,Delivered,9736.00
435,13,2025-10-26,Delivered,1799.00
436,217,2026-06-18,Delivered,399.00
437,142,2026-03-31,Delivered,3500.00
438,69,2025-10-30,Delivered,1799.00
439,75,2025-11-14,Delivered,2498.00
440,51,2026-05-18,Delivered,8997.00
441,15,2026-03-05,Processing,1698.00
442,125,2026-08-20,Delivered,9899.00
443,208,2026-09-05,Delivered,179.00
444,119,2026-09-15,Delivered,19800.00
445,48,2026-09-08,Delivered,22996.00
446,39,2026-08-12,Delivered,2919.00
447,246,2026-02-03,Delivered,9787.00
448,221,2026-03-31,Delivered,11417.00
449,56,2025-11-21,Delivered,17699.00
450,241,2026-05-09,Delivered,500.00
451,235,2026-01-22,Delivered,4500.00
452,66,2026-09-08,In Transit,13247.00
453,74,2025-11-29,Delivered,8594.00
454,84,2025-12-29,Delivered,4788.00
455,2,2025-11-26,Delivered,218.00
456,210,2025-12-12,Delivered,1797.00
457,2,2026-06-10,Delivered,9999.00
458,133,2026-03-13,Delivered,38848.00
459,47,2026-06-19,Delivered,2499.00
460,49,2026-03-15,Delivered,69.00
461,201,2026-03-27,Delivered,928.00
462,134,2026-09-17,Delivered,1500.00
463,129,2026-02-16,Delivered,14299.00
464,105,2026-04-17,Delivered,2548.00
465,82,2026-06-28,Delivered,1199.00
466,180,2026-04-07,Delivered,15196.00
467,117,2026-05-05,Delivered,2749.00
468,110,2026-02-07,Delivered,12645.00
469,226,2026-03-09,Delivered,329.00
470,217,2026-01-15,Delivered,1415.00
471,206,2026-02-23,Delivered,2549.00
472,101,2026-05-19,Delivered,179.00
473,119,2025-10-26,Delivered,350.00
474,38,2026-07-08,Delivered,13798.00
475,184,2026-06-21,Delivered,6698.00
476,59,2025-11-06,Delivered,6579.00
477,171,2025-12-17,Delivered,10447.00
478,41,2026-09-12,Delivered,6268.00
479,142,2025-12-19,Cancelled,9343.00
480,239,2026-03-12,Delivered,2197.00
481,245,2025-10-17,Cancelled,819.00
482,237,2026-05-29,Delivered,4319.00
483,27,2026-05-17,Delivered,13098.00
484,178,2026-03-31,Delivered,2747.00
485,228,2025-10-30,Delivered,1099.00
486,171,2025-10-17,Delivered,4146.00
487,89,2025-11-03,Delivered,2599.00
488,7,2026-03-07,Delivered,1005.00
489,201,2026-03-27,Delivered,7179.00
490,110,2026-08-26,Cancelled,567.00
491,4,2026-04-24,Delivered,29299.00
492,114,2026-06-21,Delivered,2298.00
493,43,2026-06-23,Delivered,25798.00
494,87,2026-08-25,Delivered,8096.00
495,65,2025-12-25,Delivered,1348.00
496,115,2026-08-30,Delivered,5397.00
497,242,2025-10-22,Delivered,2998.00
498,160,2026-07-03,Delivered,1385.00
499,203,2025-11-07,Delivered,13918.00
500,146,2026-08-04,Delivered,5049.00
501,63,2026-06-23,Delivered,3107.00
502,104,2026-07-11,Delivered,5499.00
503,120,2026-08-05,Delivered,2250.00
504,113,2026-03-26,Delivered,5499.00
505,175,2025-12-13,Delivered,508.00
506,225,2026-06-17,Delivered,25015.00
507,238,2025-11-12,Delivered,4604.00
508,145,2026-01-29,Delivered,8999.00
509,154,2026-09-30,Processing,648.00
510,202,2026-01-11,Delivered,69.00
511,187,2026-09-24,Processing,2948.00
512,63,2025-11-17,Delivered,2599.00
513,11,2026-02-16,Delivered,4087.00
514,140,2025-11-22,Delivered,179.00
515,81,2025-12-11,Delivered,14677.00
516,138,2026-05-21,Delivered,2767.00
517,63,2026-07-19,Delivered,16000.00
518,222,2026-07-11,Delivered,25089.00
519,72,2025-10-16,Delivered,6696.00
520,36,2026-06-24,Delivered,14698.00
521,188,2025-10-24,Delivered,6518.00
522,95,2026-03-15,Delivered,3150.00
523,9,2026-09-01,Delivered,18198.00
524,76,2026-03-03,Delivered,1947.00
525,19,2025-12-24,Delivered,1337.00
526,177,2026-02-19,Delivered,22047.00
527,229,2026-01-02,Delivered,250.00
528,27,2025-10-13,Delivered,27127.00
529,165,2026-01-31,Delivered,5499.00
530,119,2026-04-11,Delivered,21498.00
531,212,2026-05-31,Delivered,750.00
532,12,2026-01-28,Delivered,6499.00
533,104,2026-03-02,Delivered,7075.00
534,107,2026-01-10,Delivered,3136.00
535,8,2026-03-22,Delivered,6198.00
536,152,2026-04-21,Delivered,13099.00
537,69,2025-11-26,Delivered,9148.00
538,96,2026-07-17,Delivered,3098.00
539,133,2026-06-17,Delivered,2850.00
540,59,2025-10-06,Delivered,6398.00
541,41,2026-03-30,Delivered,9848.00
542,43,2026-05-19,Delivered,6499.00
543,106,2025-11-13,Delivered,12097.00
544,208,2026-04-18,Delivered,4699.00
545,168,2026-03-25,Delivered,15347.00
546,232,2026-03-22,Delivered,2725.00
547,41,2025-10-04,Processing,10948.00
548,95,2026-09-06,Delivered,3146.00
549,106,2026-05-10,Delivered,5499.00
550,25,2026-02-10,Delivered,5247.00
551,105,2026-03-23,Delivered,1296.00
552,87,2025-11-28,Delivered,12326.00
553,217,2026-06-13,Delivered,11498.00
554,98,2026-06-25,Delivered,4947.00
555,187,2026-04-03,Delivered,656.00
556,92,2026-01-07,Delivered,6198.00
557,151,2025-12-15,Delivered,1598.00
558,200,2026-03-19,Delivered,2546.00
559,67,2025-11-30,Delivered,1347.00
560,9,2026-02-01,Delivered,769.00
561,86,2026-02-24,Delivered,15086.00
562,201,2026-04-16,Delivered,17318.00
563,196,2026-01-08,Cancelled,3787.00
564,185,2026-08-08,Delivered,13347.00
565,145,2026-09-06,In Transit,7045.00
566,63,2026-03-10,Cancelled,26896.00
567,34,2025-10-05,In Transit,14448.00
568,6,2026-04-16,Delivered,3668.00
569,30,2026-02-19,Delivered,4400.00
570,157,2026-04-01,Delivered,7246.00
571,189,2025-12-24,Delivered,25426.00
572,146,2026-05-04,Delivered,2697.00
573,91,2026-01-20,Delivered,839.00
574,240,2025-11-01,Delivered,907.00
575,239,2026-09-22,Delivered,3927.00
576,58,2026-04-18,Delivered,5596.00
577,93,2025-12-01,Delivered,8137.00
578,143,2025-10-04,Delivered,2800.00
579,37,2025-12-31,Delivered,10798.00
580,118,2025-10-14,Delivered,27135.00
581,172,2026-08-02,Delivered,3500.00
582,96,2025-12-09,Delivered,6927.00
583,198,2026-05-22,Delivered,20895.00
584,194,2026-04-27,Delivered,69.00
585,207,2026-01-30,Delivered,7099.00
586,6,2026-09-20,Delivered,3248.00
587,16,2025-12-18,Delivered,1678.00
588,230,2026-04-09,Delivered,699.00
589,80,2025-11-18,Delivered,977.00
590,97,2026-01-29,Delivered,750.00
591,52,2026-01-15,Delivered,399.00
592,239,2026-04-16,Delivered,2078.00
593,18,2026-03-19,Delivered,119.00
594,172,2026-07-09,Delivered,7497.00
595,71,2026-01-16,Delivered,4168.00
596,121,2026-09-25,In Transit,7398.00
597,244,2026-05-05,Delivered,9148.00
598,15,2026-04-01,Delivered,4158.00
599,195,2026-01-19,Delivered,2697.00
600,225,2026-02-11,Delivered,7906.00
601,172,2026-04-02,Delivered,250.00
602,23,2026-08-02,Delivered,15798.00
603,209,2026-07-07,Delivered,179.00
604,218,2026-03-17,Delivered,3589.00
605,220,2026-07-27,Delivered,7797.00
606,176,2026-08-15,Delivered,12098.00
607,13,2026-06-11,Delivered,7498.00
608,33,2025-11-28,Cancelled,4550.00
609,33,2026-09-15,In Transit,7898.00
610,100,2026-04-18,Delivered,4500.00
611,66,2025-12-26,Delivered,1648.00
612,162,2026-02-02,Delivered,22794.00
613,106,2026-06-08,Delivered,3498.00
614,57,2026-09-03,Delivered,1048.00
615,29,2026-06-15,Delivered,1199.00
616,209,2026-06-06,Delivered,15547.00
617,50,2026-07-25,Delivered,21495.00
618,171,2026-07-13,Delivered,3317.00
619,8,2026-06-11,Delivered,2018.00
620,155,2026-05-02,Delivered,1899.00
621,46,2026-02-09,Delivered,8598.00
622,85,2026-07-11,Delivered,9118.00
623,36,2026-04-26,Delivered,4699.00
624,125,2026-09-19,Delivered,5198.00
625,233,2026-05-14,Delivered,9635.00
626,189,2025-10-19,Delivered,14498.00
627,52,2025-12-18,Delivered,12998.00
628,33,2025-12-02,Delivered,1899.00
629,14,2026-03-01,Delivered,5699.00
630,50,2025-11-09,Processing,9896.00
631,89,2026-08-31,Delivered,5749.00
632,189,2026-01-09,Delivered,2200.00
633,48,2026-02-28,Delivered,4418.00
634,143,2025-11-29,Delivered,899.00
635,95,2026-05-16,Delivered,529.00
636,70,2026-07-07,Delivered,3847.00
637,198,2026-02-10,Delivered,1747.00
638,147,2026-06-28,Delivered,2298.00
639,46,2026-03-22,Delivered,16247.00
640,235,2026-07-16,Delivered,22146.00
641,132,2026-08-15,Delivered,69.00
642,223,2026-08-19,Delivered,3500.00
643,192,2025-12-31,Delivered,9999.00
644,174,2025-10-23,Delivered,649.00
645,182,2026-06-09,Delivered,13666.00
646,203,2025-10-02,Delivered,1948.00
647,25,2026-04-11,Delivered,4448.00
648,140,2026-10-01,Processing,3589.00
649,173,2026-04-10,Delivered,3099.00
650,158,2026-02-13,Delivered,5680.00
651,101,2026-02-16,Delivered,9349.00
652,217,2026-08-14,Processing,399.00
653,114,2025-12-26,Delivered,3798.00
654,140,2026-05-21,Delivered,1899.00
655,47,2026-04-04,Delivered,14399.00
656,48,2026-06-07,Delivered,6828.00
657,147,2026-05-27,Delivered,4399.00
658,62,2025-12-03,Delivered,748.00
659,153,2025-11-11,Delivered,10098.00
660,102,2026-04-24,Delivered,14488.00
661,146,2026-03-19,Delivered,2078.00
662,232,2026-03-18,Delivered,2048.00
663,231,2026-03-29,Cancelled,2678.00
664,137,2026-04-20,Delivered,6648.00
665,78,2026-02-12,Delivered,399.00
666,16,2026-05-17,Delivered,2229.00
667,225,2025-11-11,Delivered,2199.00
668,21,2026-09-24,In Transit,9997.00
669,101,2025-10-03,Delivered,13378.00
670,112,2026-08-18,Delivered,1799.00
671,126,2025-12-05,Delivered,658.00
672,9,2026-07-18,Delivered,449.00
673,236,2025-10-11,Delivered,20199.00
674,70,2026-02-28,Cancelled,10597.00
675,193,2025-10-24,Delivered,12899.00
676,34,2026-05-30,Delivered,3999.00
677,135,2026-03-15,Cancelled,11547.00
678,99,2025-11-17,Delivered,15347.00
679,76,2026-09-06,Delivered,1548.00
680,241,2026-06-08,Delivered,4849.00
681,240,2026-03-12,Delivered,6499.00
682,175,2026-09-30,Processing,7477.00
683,150,2026-06-10,Delivered,1199.00
684,29,2026-01-03,Delivered,19367.00
685,57,2026-09-10,Cancelled,899.00
686,205,2025-10-31,Delivered,250.00
687,71,2026-09-14,Delivered,20155.00
688,28,2026-03-26,Delivered,398.00
689,133,2026-02-07,Delivered,15747.00
690,45,2025-10-25,Delivered,21499.00
691,243,2026-03-09,Delivered,1276.00
692,222,2025-11-30,Cancelled,1149.00
693,104,2026-01-02,Delivered,2718.00
694,47,2026-08-31,Delivered,10626.00
695,22,2026-05-05,Delivered,639.00
696,241,2026-04-13,Delivered,3299.00
697,164,2026-03-09,Delivered,2598.00
698,219,2026-03-15,Delivered,369.00
699,209,2026-02-16,Delivered,4576.00
700,43,2025-12-22,Delivered,1299.00
701,109,2026-01-15,Delivered,4388.00
702,175,2026-08-24,Delivered,5117.00
703,227,2025-12-02,Delivered,1249.00
704,125,2026-07-10,Processing,249.00
705,61,2026-07-07,Delivered,369.00
706,137,2025-10-16,Delivered,1348.00
707,33,2025-12-22,Delivered,149.00
708,152,2026-05-14,Delivered,568.00
709,126,2026-06-04,Delivered,1256.00
710,169,2026-06-02,Delivered,6197.00
711,233,2026-06-23,Delivered,2018.00
712,132,2026-01-23,Delivered,25469.00
713,170,2026-03-14,Delivered,7798.00
714,61,2026-09-04,Delivered,11048.00
715,85,2026-09-15,Delivered,5499.00
716,177,2026-03-19,Delivered,1299.00
717,136,2026-01-30,Delivered,799.00
718,115,2026-07-23,Delivered,1199.00
719,35,2026-02-05,Delivered,3327.00
720,117,2026-08-07,Delivered,9368.00
721,108,2026-05-01,Delivered,10099.00
722,241,2026-02-08,Delivered,5150.00
723,91,2026-03-01,Delivered,7917.00
724,204,2026-04-02,Delivered,69.00
725,85,2026-09-28,Processing,1108.00
726,107,2026-04-26,Delivered,1199.00
727,168,2026-06-07,Delivered,6499.00
728,12,2026-01-13,Delivered,18348.00
729,18,2026-07-16,In Transit,26949.00
730,156,2025-11-29,Delivered,4500.00
731,169,2026-05-24,Delivered,1717.00
732,123,2026-06-01,Delivered,19896.00
733,208,2026-01-09,Delivered,11255.00
734,104,2026-04-16,Delivered,1226.00
735,169,2026-07-27,Delivered,17199.00
736,35,2025-11-22,Delivered,1249.00
737,114,2026-02-27,Delivered,6499.00
738,71,2026-03-10,Delivered,6849.00
739,118,2026-10-01,Delivered,2267.00
740,86,2026-04-25,Delivered,218.00
741,136,2026-06-03,Delivered,4948.00
742,235,2026-07-08,Delivered,3186.00
743,240,2026-03-02,Delivered,4927.00
744,187,2026-03-14,Delivered,19096.00
745,174,2026-04-17,Delivered,1288.00
746,27,2026-07-25,Delivered,9399.00
747,245,2025-11-24,Cancelled,4826.00
748,201,2026-09-12,Delivered,399.00
749,15,2026-02-15,Delivered,7697.00
750,90,2025-10-26,Delivered,548.00
751,2,2025-10-04,Delivered,9299.00
752,39,2025-11-20,Cancelled,1757.00
753,201,2026-05-24,Delivered,4999.00
754,26,2026-05-30,Delivered,4299.00
755,168,2026-02-16,Delivered,7149.00
756,5,2026-04-09,Delivered,22496.00
757,122,2026-07-16,Delivered,699.00
758,3,2025-11-23,Delivered,8458.00
759,101,2026-01-14,Delivered,26797.00
760,89,2026-05-27,Delivered,5748.00
761,212,2026-08-16,Delivered,878.00
762,104,2025-11-05,Delivered,20607.00
763,20,2026-05-15,Delivered,658.00
764,172,2026-04-20,Delivered,368.00
765,198,2025-12-04,In Transit,3377.00
766,68,2026-04-04,Delivered,2599.00
767,53,2025-10-06,Delivered,3500.00
768,35,2026-08-29,Delivered,2598.00
769,24,2025-12-08,Delivered,12597.00
770,116,2026-06-07,Delivered,14796.00
771,66,2026-04-13,Delivered,2798.00
772,172,2025-10-26,Delivered,3500.00
773,93,2026-09-10,Delivered,119.00
774,41,2025-11-30,Delivered,549.00
775,87,2026-08-20,Delivered,5697.00
776,223,2026-06-29,Delivered,2048.00
777,102,2025-11-21,Delivered,69.00
778,25,2026-06-15,Delivered,5029.00
779,71,2026-07-09,Delivered,69.00
780,158,2026-05-05,Delivered,179.00
781,62,2025-10-31,Delivered,13128.00
782,229,2026-05-03,Delivered,1099.00
783,162,2026-01-04,Delivered,2200.00
784,91,2026-04-11,Delivered,1786.00
785,147,2026-07-21,Delivered,5588.00
786,163,2026-07-02,Delivered,9118.00
787,11,2025-10-21,Delivered,1278.00
788,219,2026-02-25,Delivered,1597.00
789,180,2026-07-14,Delivered,2097.00
790,212,2026-09-17,Delivered,5927.00
791,42,2026-06-12,Delivered,11537.00
792,217,2026-04-05,Delivered,327.00
793,97,2025-10-04,Delivered,2347.00
794,63,2025-10-18,Delivered,5199.00
795,6,2026-08-27,In Transit,21499.00
796,113,2025-11-11,Delivered,16097.00
797,166,2026-03-14,Delivered,5596.00
798,198,2026-09-17,Delivered,3749.00
799,215,2025-12-19,Delivered,329.00
800,30,2026-06-18,Delivered,549.00
801,100,2026-04-12,Delivered,179.00
802,26,2026-02-07,Delivered,9598.00
803,96,2026-06-15,Delivered,6696.00
804,14,2026-05-18,Delivered,14399.00
805,14,2026-06-10,Delivered,4117.00
806,162,2026-07-31,Delivered,7829.00
807,99,2026-04-24,Delivered,599.00
808,237,2026-06-22,Delivered,1697.00
809,203,2025-12-06,Delivered,699.00
810,82,2025-11-18,Delivered,719.00
811,16,2025-12-27,Delivered,449.00
812,1,2025-12-25,Delivered,1567.00
813,207,2026-07-09,Delivered,11196.00
814,141,2026-06-21,Delivered,4048.00
815,149,2025-10-17,Delivered,4548.00
816,119,2026-02-24,Delivered,3598.00
817,248,2025-11-06,Delivered,4897.00
818,246,2025-12-30,Delivered,3898.00
819,129,2026-06-05,Delivered,2198.00
820,80,2026-04-26,Cancelled,4397.00
821,7,2026-05-05,Delivered,1299.00
822,67,2026-07-09,In Transit,9196.00
823,215,2026-01-12,Delivered,13099.00
824,52,2026-06-25,Delivered,10798.00
825,74,2026-07-03,Delivered,8097.00
826,240,2026-03-20,Delivered,468.00
827,48,2026-05-09,Delivered,10847.00
828,239,2025-12-28,Delivered,899.00
829,202,2025-11-25,Delivered,538.00
830,178,2026-05-05,Delivered,4100.00
831,5,2026-03-21,Delivered,5600.00
832,142,2026-01-15,Delivered,1298.00
833,25,2025-11-19,Delivered,3030.00
834,152,2026-08-14,Delivered,11787.00
835,250,2026-04-25,Delivered,3929.00
836,21,2026-05-28,Delivered,80.00
837,88,2026-01-23,Delivered,1236.00
838,210,2026-06-26,Delivered,5946.00
839,44,2025-12-13,Delivered,1427.00
840,80,2025-11-17,Delivered,2749.00
841,85,2025-10-12,Delivered,6117.00
842,46,2025-11-20,Delivered,1199.00
843,104,2026-05-19,Delivered,7797.00
844,44,2026-03-23,Delivered,69.00
845,198,2026-09-02,Delivered,8547.00
846,217,2026-01-18,Delivered,549.00
847,14,2026-01-14,Delivered,1988.00
848,127,2026-06-23,Delivered,4589.00
849,172,2025-10-10,Delivered,1548.00
850,110,2026-05-26,Delivered,1185.00
851,133,2026-02-10,Delivered,409.00
852,50,2025-10-22,Delivered,2678.00
853,233,2026-04-15,Delivered,1549.00
854,149,2026-03-11,Delivered,899.00
855,4,2026-02-20,Delivered,12149.00
856,27,2026-06-26,Delivered,20029.00
857,49,2026-06-18,Delivered,10097.00
858,83,2026-05-19,Delivered,1307.00
859,213,2026-02-22,Delivered,1649.00
860,113,2025-11-12,Delivered,4250.00
861,41,2026-07-26,Delivered,3697.00
862,230,2026-05-14,Delivered,5198.00
863,160,2026-04-04,Delivered,4049.00
864,63,2026-04-08,Delivered,10298.00
865,189,2025-11-20,Delivered,7345.00
866,92,2026-05-04,Delivered,27796.00
867,2,2026-07-02,Delivered,1346.00
868,101,2026-07-13,Cancelled,387.00
869,137,2026-07-15,Delivered,1500.00
870,159,2026-03-20,Cancelled,6618.00
871,200,2026-07-14,Delivered,80.00
872,130,2026-08-21,Delivered,69.00
873,190,2026-05-16,Delivered,6499.00
874,121,2026-03-29,Delivered,1279.00
875,142,2026-04-09,Delivered,4897.00
876,107,2025-11-24,In Transit,1917.00
877,239,2026-04-24,Processing,878.00
878,70,2026-02-27,Delivered,6649.00
879,206,2026-04-06,In Transit,5598.00
880,100,2025-11-09,Delivered,747.00
881,235,2025-11-09,Delivered,5497.00
882,229,2025-12-07,Delivered,12619.00
883,201,2025-10-15,Delivered,3798.00
884,109,2025-12-05,Delivered,11646.00
885,107,2026-06-03,Delivered,699.00
886,114,2025-12-29,Delivered,16297.00
887,54,2026-06-11,Cancelled,449.00
888,195,2026-09-29,Processing,5657.00
889,52,2025-12-25,Delivered,4748.00
890,153,2026-05-15,Delivered,16795.00
891,46,2025-11-29,Delivered,4998.00
892,240,2026-05-16,Delivered,1968.00
893,187,2026-05-07,Delivered,339.00
894,82,2026-01-01,Delivered,4999.00
895,247,2026-08-24,Delivered,2800.00
896,104,2026-04-07,Delivered,1718.00
897,93,2025-10-09,Delivered,6418.00
898,94,2025-12-25,Delivered,399.00
899,238,2026-07-13,Delivered,4376.00
900,58,2026-04-25,Delivered,2297.00
901,130,2026-08-17,Delivered,5749.00
902,219,2026-09-24,Delivered,2496.00
903,57,2026-09-25,Processing,9598.00
904,86,2026-01-28,Delivered,11127.00
905,5,2025-11-06,Delivered,1798.00
906,194,2025-11-30,Delivered,12298.00
907,180,2026-08-14,Delivered,1947.00
908,14,2025-10-01,Delivered,12500.00
909,21,2026-01-16,Delivered,3226.00
910,111,2026-02-28,Cancelled,30885.00
911,187,2025-10-19,Delivered,2748.00
912,68,2025-12-13,Delivered,8400.00
913,93,2026-06-14,Processing,37500.00
914,167,2026-03-14,Delivered,2818.00
915,117,2026-03-04,Delivered,947.00
916,31,2025-11-30,Delivered,5499.00
917,192,2026-03-30,Delivered,499.00
918,190,2026-03-09,Delivered,4299.00
919,224,2025-10-03,Delivered,4195.00
920,244,2026-03-12,Delivered,17998.00
921,237,2025-12-27,Delivered,3048.00
922,34,2026-03-08,Delivered,5299.00
923,204,2026-07-12,Delivered,16297.00
924,79,2025-11-14,Delivered,3076.00
925,250,2025-10-14,Delivered,149.00
926,204,2026-07-14,Delivered,739.00
927,29,2026-03-13,Delivered,15149.00
928,94,2025-10-16,Delivered,2697.00
929,106,2026-08-11,In Transit,6749.00
930,122,2025-12-17,Delivered,2997.00
931,96,2026-03-21,Delivered,5148.00
932,186,2026-06-08,Cancelled,658.00
933,30,2025-10-22,In Transit,4569.00
934,236,2026-06-24,Delivered,4156.00
935,141,2026-09-05,Delivered,749.00
936,39,2026-01-14,Delivered,80.00
937,159,2025-12-20,Delivered,798.00
938,55,2025-12-19,Delivered,8298.00
939,68,2025-10-21,Delivered,728.00
940,196,2025-11-25,Delivered,2078.00
941,135,2026-05-29,Processing,1357.00
942,127,2026-08-11,Delivered,8398.00
943,43,2026-05-03,Delivered,250.00
944,247,2026-01-19,Delivered,149.00
945,127,2025-11-13,Delivered,80.00
946,12,2026-05-31,Delivered,10099.00
947,154,2026-06-29,Delivered,7098.00
948,250,2025-10-10,Delivered,249.00
949,4,2025-10-19,Delivered,1199.00
950,196,2026-07-19,Delivered,4047.00
951,91,2025-11-15,Delivered,4697.00
952,59,2025-12-27,Delivered,1949.00
953,121,2026-04-13,Delivered,419.00
954,243,2025-12-08,Delivered,1536.00
955,180,2026-04-15,Delivered,5799.00
956,85,2026-06-17,Delivered,12580.00
957,177,2025-11-17,Delivered,5516.00
958,211,2026-06-24,Delivered,7989.00
959,197,2026-04-16,Delivered,6198.00
960,31,2026-02-03,Delivered,8048.00
961,25,2025-12-13,Delivered,8598.00
962,129,2026-04-11,Delivered,3647.00
963,143,2025-10-08,Cancelled,5697.00
964,197,2026-05-08,Delivered,10417.00
965,13,2026-04-27,Delivered,398.00
966,108,2026-04-12,Delivered,3797.00
967,43,2026-05-22,Delivered,2577.00
968,218,2025-11-28,Delivered,6527.00
969,78,2026-06-12,Delivered,1738.00
970,127,2026-02-01,Delivered,1199.00
971,82,2025-11-15,Delivered,750.00
972,130,2025-10-22,Delivered,1168.00
973,228,2026-08-01,Delivered,769.00
974,64,2026-07-30,Delivered,3767.00
975,35,2026-01-10,Delivered,14997.00
976,158,2026-01-29,Delivered,9299.00
977,130,2026-05-13,Delivered,19398.00
978,111,2026-05-31,Delivered,4946.00
979,165,2026-01-14,Cancelled,2948.00
980,37,2026-07-02,Delivered,4699.00
981,33,2026-02-19,Delivered,3999.00
982,237,2025-12-30,Delivered,7149.00
983,118,2026-02-20,In Transit,2898.00
984,224,2026-07-16,Delivered,4580.00
985,7,2026-03-21,Delivered,1329.00
986,11,2026-05-09,Cancelled,89.00
987,73,2026-01-27,Delivered,819.00
988,233,2026-05-10,Delivered,1386.00
989,52,2026-03-11,Delivered,7298.00
990,63,2026-01-20,Delivered,5579.00
991,238,2026-05-04,Delivered,2375.00
992,239,2025-10-21,Delivered,10049.00
993,83,2026-09-25,Cancelled,5048.00
994,67,2026-07-28,Delivered,4748.00
995,219,2025-11-03,Delivered,7256.00
996,14,2026-03-18,Delivered,1098.00
997,209,2025-10-09,Delivered,699.00
998,13,2026-05-04,Delivered,776.00
999,11,2026-06-09,Delivered,3048.00
1000,42,2026-06-19,Delivered,80.00
